"","baseMean","log2FoldChange","lfcSE","stat","pvalue","padj","change"
"AOC1",2122.45167186191,-1.1771748915476,0.191871561595006,-6.13522338465314,8.50396140110137e-10,5.15233794432287e-09,"DOWN"
"SLC7A2",6151.44277762223,-1.13755396452398,0.170807479673933,-6.6598603685011,2.74087858084265e-11,2.09993963911966e-10,"DOWN"
"KRT33A",0.639820521835993,-1.82368647112634,0.500218745542294,-3.64577794690453,0.000266584100458082,0.000650913111463194,"DOWN"
"ABCC8",57.6403493004358,-1.3162897021102,0.203047592049952,-6.48266590517546,9.01159031322026e-11,6.38708751981731e-10,"DOWN"
"DLX6",50.12703316578,-1.26879024872536,0.25788611973626,-4.91996331567963,8.65604344605425e-07,3.24764086250324e-06,"DOWN"
"LGALS14",0.552091470936166,-1.47207809401336,0.434149830829145,-3.39071442502226,0.000697106983796823,0.00157716914929587,"DOWN"
"SCN4A",109.631969276474,-1.0199628943617,0.197129940803197,-5.17406381905205,2.29056529278012e-07,9.46478866261975e-07,"DOWN"
"PAX7",566.185471040896,-1.68636247333535,0.360909131065694,-4.67254033821714,2.97497064549625e-06,1.01617577685474e-05,"DOWN"
"NA",NA,NA,NA,NA,NA,NA,NA
"NR1H4",26.8461797862924,-1.55315019869143,0.280578128852502,-5.53553552104522,3.10278840301216e-08,1.47037317683224e-07,"DOWN"
"SLC7A9",51.4794218590389,-1.22052998092339,0.183919474931284,-6.6362193638243,3.21830785448317e-11,2.43604032589248e-10,"DOWN"
"CPS1",12182.7119074871,-1.31570840314383,0.282240411751477,-4.66165845981814,3.13671422081846e-06,1.0667893365551e-05,"DOWN"
"GABRA1",1.36500777954896,-1.60587203807419,0.422168974208008,-3.80386086184286,0.00014245821629395,0.000364725219202073,"DOWN"
"ABCC2",1140.54601179439,-1.31752370892823,0.234830377678617,-5.61053353468333,2.01703779797694e-08,9.83097867476082e-08,"DOWN"
"GUCA2B",6.84916506828413,-1.65025592293512,0.385738615078107,-4.27817143119303,1.88434877793963e-05,5.62706328034645e-05,"DOWN"
"PLEKHH1",400.120319321789,-1.05982856160307,0.128773911348988,-8.23014965143713,1.86979698712975e-16,2.81062607135538e-15,"DOWN"
"F7",60.8792799279734,-1.43940017538935,0.207463705379209,-6.93808188163984,3.97459341916554e-12,3.4202560853402e-11,"DOWN"
"RIMBP2",160.127551360629,-1.63198394233435,0.229610351486328,-7.10762355342469,1.18058037323117e-12,1.10099005046166e-11,"DOWN"
"PAGE1",8.54456569182426,-2.29941061222171,0.464408159736703,-4.9512709111859,7.37303788354917e-07,2.79641722880438e-06,"DOWN"
"PLA2G10",286.962711626139,-1.27612608018993,0.166413592699221,-7.66840051639545,1.74154357754779e-14,2.07104489749749e-13,"DOWN"
"PRLH",0.886463304725267,-1.32280941260269,0.276745809436508,-4.77987151926928,1.75407252982238e-06,6.24107843716101e-06,"DOWN"
"PPP2R2C",610.906410075762,-1.01661052615679,0.216837554998375,-4.68835080788662,2.75415593821042e-06,9.46425482927701e-06,"DOWN"
"CA12",2855.12197974088,-1.01529275205458,0.174811618930298,-5.8079248866141,6.32518797690525e-09,3.3132017967713e-08,"DOWN"
"KCNQ2",43.7309659335455,-1.71997525287844,0.260149632888035,-6.61148445140686,3.80485089375331e-11,2.84793966091189e-10,"DOWN"
"FGF4",0.744318028176588,-1.84812028436415,0.425844552854775,-4.33989415145674,1.42551363752174e-05,4.35496650610286e-05,"DOWN"
"PAX2",1.56177492220045,-1.31935515407553,0.2713773499785,-4.86169960086963,1.1638214652041e-06,4.26151496868179e-06,"DOWN"
"BPIFB2",594.007421609292,-1.2171109711318,0.283926764300819,-4.28670743361933,1.81340868174804e-05,5.43270037134201e-05,"DOWN"
"AFP",9.41467700350759,-1.09382694514992,0.274414303281528,-3.98604202503151,6.71846173498508e-05,0.000182813817781089,"DOWN"
"OPRK1",70.0801796472341,-1.06298674058225,0.256664362482052,-4.14154396154856,3.44975733851733e-05,9.82598572045028e-05,"DOWN"
"HAL",562.527713224764,-1.14610399472532,0.168190407549891,-6.81432438045168,9.4707790370052e-12,7.75609051303649e-11,"DOWN"
"SLCO1A2",70.4104961093189,-1.07932002092868,0.241442012146201,-4.47030743048611,7.81072424894264e-06,2.49408300026443e-05,"DOWN"
"NKAIN1",44.6872236866258,-1.46194949149181,0.181513757035929,-8.05420765546951,7.99953094949634e-16,1.11689726172373e-14,"DOWN"
"AQP6",40.3106038359404,-1.01481673592612,0.190483298903358,-5.32758904202405,9.95249920774302e-08,4.34844568612686e-07,"DOWN"
"PIR",1034.06205498723,-1.0796894541001,0.107124531514143,-10.0788254458556,6.85405216397368e-24,2.03646845621968e-22,"DOWN"
"TESC",4197.331075929,-1.10224468786177,0.176199199528571,-6.25567363989665,3.95803681681069e-10,2.5235883413954e-09,"DOWN"
"THPO",133.311953173692,-1.24621565739893,0.173205768516829,-7.19500088288251,6.24603610379833e-13,6.02382432949695e-12,"DOWN"
"DLL3",206.407138267688,-1.2446121533734,0.237322225532635,-5.24439778271948,1.56793600720408e-07,6.65519179364434e-07,"DOWN"
"TF",661.920492064285,-1.20709469088154,0.217371265187821,-5.55314746794402,2.80571184201582e-08,1.3390335336124e-07,"DOWN"
"KRT31",1.40343780714053,-1.14483862489003,0.314325452824455,-3.64220782823274,0.000270309697808527,0.000659070092567676,"DOWN"
"MYO3A",45.0068627537229,-1.06550073206179,0.212053864212464,-5.02467019886151,5.04298398160283e-07,1.96193215140561e-06,"DOWN"
"PGC",60998.4608351959,-2.8420557040579,0.277565375766364,-10.239229933528,1.32285050618184e-24,4.18566221038804e-23,"DOWN"
"MAGEB2",35.2133931102133,-1.8690262709027,0.463706358524538,-4.03062463247157,5.56288222939942e-05,0.000153534604266814,"DOWN"
"AMELY",0.989195808218928,-1.44341957907529,0.525278067796778,-2.74791518543609,0.00599755212663462,0.0114191939533296,"DOWN"
"NA.1",NA,NA,NA,NA,NA,NA,NA
"HRH3",2.77945127659014,-1.67327190302917,0.365016517753796,-4.5840991342693,4.55947894487747e-06,1.50983357313297e-05,"DOWN"
"NTSR1",36.2840297357228,-1.20807258144556,0.233375285749677,-5.17652320195278,2.26058951040245e-07,9.34687105372385e-07,"DOWN"
"COL20A1",3.04368858638751,-1.08767246707251,0.205629796547136,-5.28946915931607,1.22671863591071e-07,5.30507497948427e-07,"DOWN"
"HAO1",2.8263152062773,-1.87139488989949,0.356749021197476,-5.24569032766481,1.55698232500043e-07,6.61734463510321e-07,"DOWN"
"NA.2",NA,NA,NA,NA,NA,NA,NA
"PAGE4",2.32191547544776,-2.01666973009307,0.422248348748618,-4.77602751098899,1.78791943289795e-06,6.34991575557836e-06,"DOWN"
"GPR50",3.58707951046302,-2.67721404503337,0.355848334529014,-7.52346936954704,5.33415014214305e-14,5.96830771644719e-13,"DOWN"
"NECAB2",46.9753573091531,-1.62311449336276,0.180844694633373,-8.97518446229955,2.82877393350023e-19,5.76129913666175e-18,"DOWN"
"NA.3",NA,NA,NA,NA,NA,NA,NA
"AP3B2",111.490658574095,-1.04773011755457,0.167769510314766,-6.24505677812874,4.23646195001003e-10,2.68454645837627e-09,"DOWN"
"SCG3",61.8525530027702,-1.64487966642772,0.202059752327877,-8.14056063851163,3.93451719435315e-16,5.672165283664e-15,"DOWN"
"RHOV",1621.23305010376,-1.16895990293535,0.159755622410739,-7.3171753538032,2.53244842180441e-13,2.58699959063888e-12,"DOWN"
"DKK4",7.64813425201064,-2.00846386770622,0.30813078358162,-6.51821880423773,7.11471601532681e-11,5.10765855818544e-10,"DOWN"
"ADAM2",10.1733602675998,-1.83201260565223,0.369402717407642,-4.95939125328787,7.07144192614933e-07,2.68778226565087e-06,"DOWN"
"FGL1",2104.56837292421,-1.43186542059734,0.256385978596708,-5.58480392896072,2.3396402079062e-08,1.12959938796878e-07,"DOWN"
"TUBB4A",85.5128673735601,-1.07931404429046,0.175580451523618,-6.14711965326776,7.89026089450819e-10,4.80590859671435e-09,"DOWN"
"RSPH6A",1.95021275872327,-1.44275871813778,0.267876961756276,-5.38590070858894,7.20827497567625e-08,3.22683710498176e-07,"DOWN"
"NA.4",NA,NA,NA,NA,NA,NA,NA
"FGF21",1.64174823999862,-1.95050989448653,0.339939563793151,-5.73781372406945,9.59065143146338e-09,4.89990529621632e-08,"DOWN"
"SLC5A5",207.723012309129,-1.41101271630922,0.222529864422772,-6.34077911281391,2.28606105956392e-10,1.523337302973e-09,"DOWN"
"HOXA13",22.3988157783277,-1.01572888563179,0.33277704689847,-3.05228048358062,0.00227109776720427,0.00467334951230768,"DOWN"
"EVX1",4.16562165207288,-1.03266274347095,0.306968888088172,-3.36406321142986,0.000768039500774197,0.00172662720987196,"DOWN"
"CRHR2",35.2265270277935,-1.17956823882546,0.160440568008052,-7.35205723508943,1.95179191673275e-13,2.03435167107156e-12,"DOWN"
"PAX4",0.486842272138268,-1.68617417522317,0.539458123108871,-3.1256813142526,0.00177393676453665,0.00371902780225706,"DOWN"
"LHX2",30.0155853664942,-1.68188085687341,0.198880312266926,-8.45674887424795,2.74935122600308e-17,4.51834778634284e-16,"DOWN"
"AMBP",350.222209330685,-2.15638133714827,0.205778252936714,-10.4791507672652,1.07706534525386e-25,3.6320208727237e-24,"DOWN"
"LHX3",1.34531010394728,-1.02663989475106,0.290486992060363,-3.53420264180961,0.000409007368941221,0.000964428094366482,"DOWN"
"SH3GL2",35.7999662385447,-1.45301835977723,0.216218490484606,-6.72013922824366,1.81551004549671e-11,1.42685912487001e-10,"DOWN"
"NEURL1",178.741208448213,-1.13003702628234,0.185724012827892,-6.08449607068058,1.16858268128311e-09,6.91045055852216e-09,"DOWN"
"TRIM16L",852.998935200012,-1.05329705399983,0.139938887937471,-7.52683596049785,5.1984611359037e-14,5.82792542599624e-13,"DOWN"
"ENO3",736.991712108132,-1.52003075273904,0.155681738633262,-9.76370617442657,1.61155806834594e-22,4.31468108655641e-21,"DOWN"
"ALDH3A1",2914.39133957749,-1.94249897247254,0.231823393016793,-8.37921897007102,5.32800700584821e-17,8.42239939586274e-16,"DOWN"
"VTN",72.7575405556814,-1.04509619720144,0.170546372482404,-6.1279297940463,8.90298514351205e-10,5.36906198738222e-09,"DOWN"
"PHOX2B",7.49907947231961,-1.792651768577,0.441404759598659,-4.06124249817093,4.88122370629217e-05,0.000135894773974205,"DOWN"
"NEIL3",246.709149579169,-1.04443280617302,0.134803710143702,-7.74780460463324,9.34948572451861e-15,1.14827237716819e-13,"DOWN"
"PPARGC1A",484.484585074325,-1.27908696417655,0.166015945461504,-7.70460307665534,1.31250601322692e-14,1.58304793959195e-13,"DOWN"
"DBX1",0.585273003443936,-1.17384738734029,0.426645660764324,-2.7513402696687,0.00593519569142285,0.0113070960044495,"DOWN"
"APOA5",4.40537607657382,-2.13026650577455,0.265390161591045,-8.02692342852256,9.99474225610074e-16,1.37673159938982e-14,"DOWN"
"APOC3",2.06992695536172,-2.73595325391702,0.443672656979498,-6.16660326228634,6.97725229134667e-10,4.28731476704407e-09,"DOWN"
"CALCA",2913.42061690363,-1.41807149709146,0.350124337567122,-4.05019401663158,5.11751855784346e-05,0.000142047214769192,"DOWN"
"FZD10",382.044423311681,-1.81863995100408,0.214731422298324,-8.46937039553282,2.46722963408829e-17,4.08223877742061e-16,"DOWN"
"NA.5",NA,NA,NA,NA,NA,NA,NA
"CDH9",0.613169614146983,-1.34028988375583,0.546977083067662,-2.45035838839711,0.0142714087562218,0.0251982994897652,"DOWN"
"KNG1",9.82774450148442,-1.36584434733019,0.25292400427793,-5.40021636629358,6.65605698072398e-08,2.99961171355587e-07,"DOWN"
"HGD",1250.83137383638,-1.53575254567124,0.185676853519116,-8.27110389132658,1.32724329647912e-16,2.02896463464114e-15,"DOWN"
"FGF12",190.183737457858,-1.1268537219092,0.172762218017711,-6.52257035617405,6.9112625649841e-11,4.97994153989298e-10,"DOWN"
"GNAT1",1.93950551784577,-1.2463003001679,0.286471265408259,-4.35052464473797,1.35812189174815e-05,4.16409529527501e-05,"DOWN"
"UPK1B",170.696620225889,-1.92684935218505,0.298233361627064,-6.46087795702263,1.04097249279261e-10,7.2957910309316e-10,"DOWN"
"PEX5L",29.3925239187051,-1.06787577314438,0.144898168047011,-7.36983626182156,1.70837731314397e-13,1.79214113081212e-12,"DOWN"
"SLC30A3",49.5524481782761,-1.15440929210164,0.163697488447746,-7.05208921070369,1.76251136229016e-12,1.59633405959096e-11,"DOWN"
"IGFBP2",10140.7542583247,-1.13151974371074,0.148927900832385,-7.59776870140837,3.01280193471592e-14,3.48708565971188e-13,"DOWN"
"PROC",213.21262866406,-1.00608953543918,0.161052284517777,-6.24697462970874,4.18479000900777e-10,2.65773027258294e-09,"DOWN"
"ODC1",15895.0566213521,-1.40990836828835,0.139495806731461,-10.1071738378669,5.13440323387995e-24,1.53724506039254e-22,"DOWN"
"DLX2",3.90214339999398,-1.52159898801065,0.236758438636482,-6.42679938579467,1.30318622719088e-10,9.01043020722858e-10,"DOWN"
"ATP6V1B1",8.65532110311846,-1.06638320700723,0.161736985229994,-6.59331695524567,4.30106965434242e-11,3.18753416854708e-10,"DOWN"
"ELAPOR1",5738.85477530074,-1.21041096520792,0.160394782314896,-7.54644850498669,4.47287817366128e-14,5.0539633903091e-13,"DOWN"
"ACTL8",20.1919558307845,-2.2612360467636,0.325881534793288,-6.93882839418297,3.95365034196288e-12,3.40674618988499e-11,"DOWN"
"COLEC11",118.749469947676,-1.13134721689435,0.140149220850333,-8.07244742446718,6.89028450518364e-16,9.67568698058604e-15,"DOWN"
"APOA1",12.4661990950004,-1.46790837546324,0.168903072774369,-8.69083286260969,3.5979202569008e-18,6.43367557130766e-17,"DOWN"
"GDA",171.168685484306,-1.01342222039216,0.246114387071842,-4.11768784608412,3.82692567258804e-05,0.000108274943075067,"DOWN"
"NKX2-3",10.6798573424445,-1.77463695839622,0.224701168733236,-7.89776469967121,2.83949536744017e-15,3.67959323331192e-14,"DOWN"
"PRLHR",2.86185366504027,-1.02030620677998,0.399827905200105,-2.55186342301282,0.0107148511828986,0.0194002010595333,"DOWN"
"INSL4",207.363543071354,-1.91998255975242,0.401879195913307,-4.7775116982333,1.7747772832916e-06,6.31013937041893e-06,"DOWN"
"NPPB",1.69666982526336,-1.06195006356525,0.342601335296095,-3.09966703033267,0.00193738305287538,0.00403305917799787,"DOWN"
"IAPP",1.71018134198802,-1.38206303196719,0.358902674647481,-3.85080170640876,0.000117731795489562,0.000306002190410329,"DOWN"
"PAEP",3247.90675601918,-1.17603983849269,0.271568763689472,-4.33054163709876,1.48743016147386e-05,4.52638583564199e-05,"DOWN"
"NPY",11.5637437972079,-1.55223748315682,0.390819259166667,-3.97175279045002,7.13457372294032e-05,0.000193085221374382,"DOWN"
"SPINK4",67.7129068539583,-2.93743153390819,0.264966999351954,-11.0860278490999,1.46656288234608e-28,5.93045168875673e-27,"DOWN"
"NEUROG3",5.02005716932491,-1.24221125597303,0.235331330345674,-5.27856301219378,1.30200893548526e-07,5.59714516134608e-07,"DOWN"
"NEUROD4",0.781459262644008,-2.5504717026085,0.675895245434831,-3.77347188019894,0.000160991372500416,0.000408578494974689,"DOWN"
"H2BW1",1.36221198149328,-1.40377047199531,0.526734005934966,-2.66504622101165,0.00769777418365612,0.0143493990640437,"DOWN"
"ESX1",0.692330120060022,-2.25091972266147,0.531987068356461,-4.23115495949091,2.32494426924595e-05,6.82976469508256e-05,"DOWN"
"INHA",467.831605657155,-2.26833000614919,0.237174247241991,-9.56398104991051,1.13312128833899e-21,2.84976348787295e-20,"DOWN"
"CTCFL",6.7827877155765,-1.22172782924693,0.279931896856826,-4.36437520327237,1.27486603119613e-05,3.92054493752663e-05,"DOWN"
"NA.6",NA,NA,NA,NA,NA,NA,NA
"PCK1",71.5091874638783,-3.09536235865852,0.305953094061206,-10.1171140895188,4.63892061269167e-24,1.39748379693931e-22,"DOWN"
"MAGEA10",50.3747346794103,-2.0301885985429,0.443499269454427,-4.57765939736575,4.70207473688118e-06,1.55441212171898e-05,"DOWN"
"GRM4",44.1071472559863,-1.45092576341644,0.182922699886721,-7.93190656115923,2.15806788699715e-15,2.83251859834757e-14,"DOWN"
"SCGB1D2",1.95810856630755,-1.37443254001303,0.532045168483167,-2.5833004816705,0.00978600508364606,0.0178394149911472,"DOWN"
"SLC10A2",21.4357907044294,-2.60586290487228,0.35394938698787,-7.36224726096668,1.80839599481986e-13,1.89197242807482e-12,"DOWN"
"NA.7",NA,NA,NA,NA,NA,NA,NA
"GNRH2",9.54936966503687,-1.76337977127722,0.173130084859007,-10.1852879741454,2.30675892134719e-24,7.14801878155454e-23,"DOWN"
"DEFB126",3.02924934735246,-1.3772174820169,0.4155021822169,-3.31458543651635,0.000917791279961241,0.00203234149485623,"DOWN"
"PCSK2",1085.61575820262,-2.41808262839684,0.288675650904015,-8.37646895685307,5.45392716014296e-17,8.6144646903036e-16,"DOWN"
"BANF2",1.36057061346061,-1.24177324607375,0.336445375813092,-3.6908613859612,0.000223495912285712,0.000553795935209868,"DOWN"
"NA.8",NA,NA,NA,NA,NA,NA,NA
"FAM83C",2.20102412648428,-1.54141326125928,0.291742674034389,-5.28346861274597,1.2676059008553e-07,5.46327009792527e-07,"DOWN"
"PRDM7",2.30496810960245,-1.10454703385906,0.187148531764771,-5.90198076064726,3.59163057626236e-09,1.95434035627944e-08,"DOWN"
"CTAG2",38.9890436603764,-2.8190613119408,0.550947853046894,-5.11674797596653,3.10848524312307e-07,1.25595949157777e-06,"DOWN"
"VGF",76.8459918313731,-1.50629530044493,0.184040811877711,-8.18457213417321,2.73272814884691e-16,4.04738634872152e-15,"DOWN"
"HOXD11",6.81232718792248,-2.11514087608308,0.402876938965102,-5.25009170670426,1.52023506861848e-07,6.47245559686388e-07,"DOWN"
"HOXD13",16.5937836849902,-2.12491643566238,0.421702563858135,-5.03889854550949,4.68218583302801e-07,1.83401294356007e-06,"DOWN"
"MYOD1",0.425228190048186,-1.26716027072161,0.56822338806992,-2.2300389201257,0.025744859166202,0.04303911570533,"DOWN"
"NA.9",NA,NA,NA,NA,NA,NA,NA
"LBP",91.9206513151045,-1.70897640221643,0.245068382495046,-6.9734675065682,3.09222883202153e-12,2.69426160773051e-11,"DOWN"
"KIF1A",1870.29152540046,-1.32356836958121,0.269202114588336,-4.91663437192985,8.80447713343942e-07,3.29876982309688e-06,"DOWN"
"BPIFA2",275.846731857035,-2.33599575097789,0.233701142003414,-9.99565398334154,1.59232672497245e-23,4.5641235582997e-22,"DOWN"
"TEX101",9.30885301990889,-1.50712914672415,0.244413323501684,-6.16631337904034,6.99004887917668e-10,4.29382422641137e-09,"DOWN"
"NA.10",NA,NA,NA,NA,NA,NA,NA
"G6PC",3.14082275534326,-2.42444924638981,0.34177217054026,-7.09375851918351,1.3051779466585e-12,1.21139158849146e-11,"DOWN"
"CA6",9.93848688342372,-1.34977772490222,0.225856675767631,-5.97625782064957,2.28321559232686e-09,1.28063755712353e-08,"DOWN"
"LIN28A",11.2093595162466,-3.26555296442145,0.316775493346857,-10.3087297881525,6.43461294515326e-25,2.08680600522433e-23,"DOWN"
"DDC",497.077941222045,-2.2446472697751,0.224226541230768,-10.0106225492056,1.36888397342335e-23,3.95272852236955e-22,"DOWN"
"BCAN",103.263399267227,-1.21285633285117,0.151022859119977,-8.03094538084227,9.6724410571554e-16,1.33327827896051e-14,"DOWN"
"SYT4",18.9737510541339,-1.28151374581545,0.305713728275753,-4.19187503630693,2.76658380261458e-05,8.01597813241574e-05,"DOWN"
"SLC14A2",378.49404633488,-1.61939828286937,0.274626832136904,-5.89672272832425,3.70792147431578e-09,2.00976355550302e-08,"DOWN"
"MTUS2",43.0673593898329,-1.0507138780235,0.163510547139383,-6.42597004539304,1.31031205486948e-10,9.05648661753936e-10,"DOWN"
"IRS4",2.97137627053511,-1.10905805359576,0.277100191919058,-4.00237201538901,6.27105920040402e-05,0.000171381400553947,"DOWN"
"BEX1",42.8429699228931,-1.83198868285711,0.2266033040242,-8.08456297998841,6.23875010768496e-16,8.79244239688269e-15,"DOWN"
"NTS",485.273719673654,-2.47782542003323,0.288101175849349,-8.60053907356806,7.93425294010729e-18,1.37097982318822e-16,"DOWN"
"SPINK5",1394.02090910032,-1.1303136622202,0.189551214350979,-5.96310430450353,2.47490325355012e-09,1.37942062667845e-08,"DOWN"
"REG4",206.086926846898,-1.00548064669758,0.33282090759763,-3.02108618702878,0.00251869655937944,0.00514590300197744,"DOWN"
"HMGCS2",180.562962281951,-2.31018878126759,0.268331390809259,-8.60946151063543,7.34045641074475e-18,1.27515896525692e-16,"DOWN"
"MYCN",187.211104695472,-1.90971094961344,0.19277533495501,-9.90640711405908,3.90434742918918e-23,1.08869292907477e-21,"DOWN"
"ANO3",120.423066166918,-1.15362105678032,0.173356294474609,-6.65462457118506,2.8402410666848e-11,2.17094661297072e-10,"DOWN"
"CFHR5",1.40392683516949,-1.42611468619353,0.288184389715034,-4.94861879091964,7.47419688921279e-07,2.83257965326942e-06,"DOWN"
"SPX",101.125271514459,-1.3544886926598,0.214603075796126,-6.31159962472568,2.76165931515054e-10,1.81054496170868e-09,"DOWN"
"MSI1",224.712222972545,-1.32773551574385,0.183270155565251,-7.2446902860358,4.3342849673329e-13,4.28395275346275e-12,"DOWN"
"UGT2B28",3.42796930635657,-1.05269969433189,0.34598513279402,-3.04261540324222,0.00234531869244586,0.00481438721795285,"DOWN"
"CGA",128.287633725121,-1.89564147226105,0.371494912570142,-5.10273871355677,3.34773064395273e-07,1.34481900208744e-06,"DOWN"
"PPP1R1A",46.4210187225915,-1.14972644958594,0.163339994793901,-7.03885445225248,1.9382670046262e-12,1.74175943693727e-11,"DOWN"
"PAX3",3.83208175177694,-1.47975554084505,0.312800590819122,-4.73066734615193,2.23782964454008e-06,7.81116361062514e-06,"DOWN"
"NA.11",NA,NA,NA,NA,NA,NA,NA
"GH2",1.9851305139487,-1.48454479681858,0.430063752658995,-3.45191797178893,0.000556616915638789,0.00128360391655414,"DOWN"
"CTSV",466.880966888285,-1.07303730662783,0.142950883287814,-7.50633561646063,6.08054073001519e-14,6.74919244696618e-13,"DOWN"
"SLC22A7",1.06329515156168,-1.01474511767284,0.278182547806804,-3.64776699930714,0.000264529359954774,0.000646675248322902,"DOWN"
"TINAG",61.96353371519,-1.18876423472126,0.329090872810198,-3.61226740981928,0.000303531319456673,0.000731922423299519,"DOWN"
"SLC28A2",252.584865252838,-1.27083919286925,0.262893448663697,-4.83404664258088,1.33785218567859e-06,4.85407240339937e-06,"DOWN"
"NDST4",2.28857280397507,-2.18319621781843,0.356840396144948,-6.11813079854228,9.46793413435265e-10,5.69215003740492e-09,"DOWN"
"PIK3C2G",162.886967782311,-1.50795742766455,0.252867686936149,-5.96342476943416,2.47005203348166e-09,1.37711053159585e-08,"DOWN"
"COL2A1",141.079757224247,-3.47786903686311,0.247961435456332,-14.0258465211038,1.08311959951109e-44,1.23456632246027e-42,"DOWN"
"INHBE",17.9916601569188,-1.14879111830883,0.207665421260077,-5.53193262189809,3.16721572941561e-08,1.49908212195337e-07,"DOWN"
"TPH2",2.20809663463594,-1.48435142768967,0.257931752381934,-5.7548224054699,8.67329264896352e-09,4.46162963897989e-08,"DOWN"
"ASCL1",1649.30760358827,-1.57160243928705,0.330675175543736,-4.75270765851363,2.00710454182897e-06,7.06911359320357e-06,"DOWN"
"FOXN4",22.6341950451787,-1.95021742204587,0.254706587910911,-7.6567215557377,1.90739562435029e-14,2.25588884188177e-13,"DOWN"
"PDX1",71.372175064575,-1.39165828348251,0.352931136150336,-3.94314397608068,8.04203422933927e-05,0.000215578722547176,"DOWN"
"SLC39A5",40.4130588670331,-1.2412087882746,0.184420492261495,-6.73031924518808,1.69291235625923e-11,1.33751741936963e-10,"DOWN"
"NA.12",NA,NA,NA,NA,NA,NA,NA
"SMIM2",1.3859313570692,-1.01008222117911,0.233687116962961,-4.32237016017962,1.5436192594579e-05,4.68493973623386e-05,"DOWN"
"SLC25A47",2.73413940554339,-1.04341468049731,0.170712400327654,-6.1121200246417,9.83161926743558e-10,5.89081128624614e-09,"DOWN"
"SEPTIN12",1.52426111660192,-1.46658031441055,0.226017393864883,-6.48879402302682,8.65261629785179e-11,6.1438303920375e-10,"DOWN"
"OSGIN1",1295.46518906479,-1.13596127925182,0.132722956815295,-8.55889068861458,1.13958702804932e-17,1.94328003182059e-16,"DOWN"
"RPL3L",14.2721840237438,-1.12596985244903,0.117019515684118,-9.6220689845314,6.45201082050991e-22,1.64602281286071e-20,"DOWN"
"MAPK4",215.482815134367,-1.32515758387091,0.211233883226757,-6.27341392218014,3.5321623921832e-10,2.27512812908271e-09,"DOWN"
"DMRTC2",12.9141778194217,-1.19798933114173,0.344550990635945,-3.47695802276051,0.000507137209845051,0.00117800159183529,"DOWN"
"TM4SF5",49.8047304581724,-1.5996646877514,0.34478634653517,-4.63958246556675,3.4911380602052e-06,1.17807776889646e-05,"DOWN"
"NA.13",NA,NA,NA,NA,NA,NA,NA
"NA.14",NA,NA,NA,NA,NA,NA,NA
"NA.15",NA,NA,NA,NA,NA,NA,NA
"DMRTB1",0.426893229322559,-1.51012440725242,0.574010839811819,-2.63082907588904,0.00851768625234299,0.0157288699899969,"DOWN"
"DQX1",66.7920132645663,-1.22921508062631,0.173104221727012,-7.10101156611188,1.23847011194064e-12,1.15222057049331e-11,"DOWN"
"DLX1",6.66029861450249,-1.05036563780905,0.195154369730013,-5.38222966394337,7.35688155525481e-08,3.28707519224937e-07,"DOWN"
"PTH2R",35.7777979805124,-1.24829377495414,0.197866392945128,-6.3087710670519,2.81259785953401e-10,1.84084435460636e-09,"DOWN"
"HES6",1244.88188665761,-1.22732811009151,0.140845285429677,-8.71401627926199,2.93294234013607e-18,5.30789035762229e-17,"DOWN"
"NA.16",NA,NA,NA,NA,NA,NA,NA
"STXBP5L",21.5654935576955,-2.43137880960749,0.251316396533107,-9.67457294131303,3.8670274659821e-22,1.00899909423637e-20,"DOWN"
"NA.17",NA,NA,NA,NA,NA,NA,NA
"CDH18",26.5087723140676,-1.61787477420107,0.322252865309219,-5.02051323158488,5.15336009663604e-07,2.00327366660417e-06,"DOWN"
"UGT3A1",37.8680914236897,-2.07974066553949,0.460435728021582,-4.51689679790012,6.27524695690096e-06,2.03106672927527e-05,"DOWN"
"CPLX2",795.982424441721,-2.77727929999733,0.336521983713544,-8.25289114651548,1.546078656857e-16,2.34693295177568e-15,"DOWN"
"H2BC1",1.1511820438442,-1.00529688918581,0.405693988326227,-2.47796841489656,0.0132132841607339,0.0234703473595976,"DOWN"
"KAAG1",1.59559394705278,-1.11950741539298,0.227377621297744,-4.9235602387054,8.49837000161766e-07,3.19278584621299e-06,"DOWN"
"CLVS2",1.65620225498432,-1.63210158768193,0.41298356148054,-3.95197712429733,7.75081514213789e-05,0.000208402728563125,"DOWN"
"ZAN",2.43031114909054,-1.19813807451223,0.220474837918412,-5.4343528986088,5.49956442667162e-08,2.51388391745442e-07,"DOWN"
"SYTL5",296.543842020273,-1.06166826334805,0.160780748581248,-6.60320512695931,4.02362184462216e-11,2.99722268227776e-10,"DOWN"
"HTR2C",24.4510215071043,-1.0889997140207,0.380342207083988,-2.86321027153377,0.00419372153824225,0.00821836180392919,"DOWN"
"MAGEA4",143.594017056786,-1.81922972436731,0.540803048258749,-3.36394132803943,0.000768378762909424,0.00172719068940925,"DOWN"
"SNTG1",1.19451701186299,-1.22640293463111,0.32544277411754,-3.76841347286504,0.000164288413381492,0.000416295562300919,"DOWN"
"SYBU",1469.89975245638,-1.06992556699684,0.137929154827437,-7.75706607015337,8.69166547100246e-15,1.07153226878753e-13,"DOWN"
"LCN2",10357.4400717431,-1.02626175566057,0.165920373396713,-6.18526667130137,6.19975739211924e-10,3.82888058712915e-09,"DOWN"
"A1CF",17.3949012516058,-1.73307910531854,0.25734798697908,-6.73437987863268,1.64630544721892e-11,1.30386588670232e-10,"DOWN"
"NA.18",NA,NA,NA,NA,NA,NA,NA
"VAX1",6.67083451032364,-2.4532202515206,0.425923607356093,-5.75976585742426,8.42306947333991e-09,4.34667850423268e-08,"DOWN"
"HTR3B",8.19678689993243,-1.46812986802638,0.276849766265624,-5.30298395346226,1.13924939236502e-07,4.94766263515745e-07,"DOWN"
"FXYD4",169.483607176605,-2.41006628411205,0.239335091275679,-10.0698408715001,7.50994912487595e-24,2.22118996043941e-22,"DOWN"
"NA.19",NA,NA,NA,NA,NA,NA,NA
"KLHL1",0.379804163269968,-1.50051967462154,0.605510447876641,-2.47810699201551,0.0132081531626028,0.0234633716088489,"DOWN"
"C11orf53",43.4761050804888,-1.68532311829271,0.279765473153189,-6.024056861977,1.70098562138463e-09,9.79373337898221e-09,"DOWN"
"LYZL2",1.16148418924642,-2.07577564962237,0.467121894756337,-4.44375584386844,8.84019207584768e-06,2.79487727088965e-05,"DOWN"
"NPAS3",215.119348881988,-1.57645537221859,0.198528556916032,-7.94069828898898,2.01046169961801e-15,2.65328299604826e-14,"DOWN"
"ALLC",1.3619300511672,-1.03821358334782,0.33054818270054,-3.14088425737433,0.00168438584766661,0.00354846136585278,"DOWN"
"AKR1C2",17930.1270435303,-2.03007800972133,0.254080578757409,-7.98989840014338,1.35050005745299e-15,1.82289450275735e-14,"DOWN"
"GABRA2",16.8692357961075,-1.34762683686501,0.239087704818899,-5.63653759563167,1.73503171192959e-08,8.52685403359045e-08,"DOWN"
"SH2D6",22.5328835763415,-1.21435371303886,0.15515105578962,-7.82691233945255,4.99997455024217e-15,6.35296635976337e-14,"DOWN"
"CCNO",522.50558017029,-1.09118033068442,0.123111535403102,-8.86334759055343,7.76470187807057e-19,1.49105225916723e-17,"DOWN"
"CNTNAP4",3.69776434819845,-1.19345345000627,0.338370431631241,-3.52706187787385,0.000420198548994641,0.000988783039774785,"DOWN"
"ZIC1",54.744543664057,-1.20009439012162,0.377909369210972,-3.17561428187734,0.00149519614290927,0.00317702692918834,"DOWN"
"CPB1",23.2795680772598,-1.03619482154967,0.22302963502091,-4.64599613164646,3.38439344161791e-06,1.14542824397594e-05,"DOWN"
"CABYR",465.980439180872,-1.47983083407637,0.160107610968681,-9.24272634588147,2.40294956066904e-20,5.39583984873276e-19,"DOWN"
"GAL3ST2",19.5522080737755,-1.30140251011658,0.196621522987652,-6.6188202102285,3.62076890955965e-11,2.71955324918024e-10,"DOWN"
"UCHL1",3681.85439736078,-1.03070004695459,0.186927162611558,-5.51391265215117,3.50942822260344e-08,1.65382653497978e-07,"DOWN"
"GPR26",5.30653744240305,-2.47590648005498,0.309959767420894,-7.98783177783503,1.37332671528556e-15,1.85114184008513e-14,"DOWN"
"MAGEA8",14.6049075430824,-1.12671408770067,0.264649688703813,-4.25737922919551,2.06837330369302e-05,6.12684864168398e-05,"DOWN"
"UGT2B4",52.7854982831232,-1.10304265655865,0.223386551831828,-4.93782032764913,7.90005754231489e-07,2.98006621941667e-06,"DOWN"
"CLDN8",195.279271385343,-1.0159847124102,0.218330928908678,-4.65341634137031,3.26480098257578e-06,1.10764553440182e-05,"DOWN"
"LRFN2",13.8019922217949,-1.41528543558613,0.235505208372525,-6.00957170062841,1.86014083912281e-09,1.06011710805096e-08,"DOWN"
"ZIC3",5.27005345384412,-2.32487260463626,0.451210774488258,-5.15252014376878,2.57009000431525e-07,1.05150344823905e-06,"DOWN"
"SST",93.4379960822626,-2.09712809851586,0.443815797271273,-4.7252218407044,2.2986427994576e-06,8.00336670314901e-06,"DOWN"
"C8A",23.2432136171234,-1.31533696849864,0.244535894558487,-5.37891163533883,7.49374761310202e-08,3.3424552312622e-07,"DOWN"
"TMED6",87.9132114067281,-1.24605466160962,0.141368043946034,-8.81425976358056,1.20478421380583e-18,2.26883566292651e-17,"DOWN"
"DPYSL5",13.1267327505792,-1.68322909934857,0.322281441760604,-5.22285456510678,1.76185764591001e-07,7.40572943205348e-07,"DOWN"
"SLC5A11",17.7672900030622,-1.03199255582402,0.168446527923393,-6.12652910419951,8.98167836860105e-10,5.41316923569583e-09,"DOWN"
"WFDC8",1.18462856726642,-1.1495821354501,0.264568791992598,-4.34511616730014,1.39201976953684e-05,4.26065598744388e-05,"DOWN"
"IGF2BP1",473.334407330213,-1.562071694841,0.271731040920278,-5.74859496931486,8.99880962956865e-09,4.61567890762954e-08,"DOWN"
"CBR1",7873.61350483201,-1.6104887081535,0.142132344111249,-11.3309093593288,9.22420484060836e-30,4.06762390380764e-28,"DOWN"
"CBR3",147.866667488404,-1.31593800166381,0.130140769551511,-10.111650685629,4.90507680911069e-24,1.47311020163908e-22,"DOWN"
"GJD2",0.477145174331777,-1.68529490397022,0.667412371881626,-2.52511786561417,0.0115659490953126,0.0207867140448814,"DOWN"
"CELF3",115.773612098885,-1.05711289463171,0.22346796935442,-4.73048955376296,2.23979052627014e-06,7.816608262763e-06,"DOWN"
"SPRR2G",1.7513442077952,-1.33528371912652,0.396820438563512,-3.3649570167309,0.000765555841952227,0.0017215191909028,"DOWN"
"TFF3",6611.11163181761,-1.02611525679323,0.211981760557171,-4.84058276568795,1.29458924062179e-06,4.70586327656832e-06,"DOWN"
"TFF1",905.078170073568,-1.8336525806639,0.292024626480724,-6.27910256323857,3.40532904886653e-10,2.20120820968123e-09,"DOWN"
"IZUMO2",21.5129031309428,-1.33034352194612,0.266842756553736,-4.98549609937874,6.1803026245875e-07,2.37406934284263e-06,"DOWN"
"MSLNL",161.068336586784,-1.12314533650005,0.225837893660621,-4.97323685717627,6.58441304071764e-07,2.5183829391018e-06,"DOWN"
"SSTR5",6.37208548512886,-1.12325039122398,0.319009049040769,-3.52106121942775,0.000429823370772386,0.00100915218997559,"DOWN"
"HS3ST6",38.8977317981142,-1.25511085704576,0.223684617398115,-5.61107362520111,2.01075187410553e-08,9.805245128394e-08,"DOWN"
"LHX8",6.21275381219576,-1.22006810006301,0.342384473877053,-3.56344458686268,0.000366019988710853,0.000870542477115709,"DOWN"
"LMX1A",5.93476995964473,-1.29122347462738,0.37330233260626,-3.45892152779365,0.000542342890214937,0.00125350471637369,"DOWN"
"NEUROD1",26.810055851323,-1.91792655095206,0.435417929220042,-4.40479461740956,1.05884147553352e-05,3.30287386841679e-05,"DOWN"
"ANKRD30BL",1.32663170068734,-1.52774745514336,0.351476916298719,-4.34665090166245,1.38231961970165e-05,4.23296020543673e-05,"DOWN"
"SLC16A14",1895.19074242009,-1.0245128353039,0.162186177470329,-6.31689365446283,2.66873090845068e-10,1.75434179212857e-09,"DOWN"
"GABRB1",3.79387437624858,-1.52398041926085,0.324858680615089,-4.6912103945486,2.71593504131521e-06,9.33950068635757e-06,"DOWN"
"DAPL1",21.7138847208764,-1.08341823414225,0.183214424268654,-5.91338939860754,3.35138596655535e-09,1.83179651918481e-08,"DOWN"
"CCKAR",2.66978130479276,-1.28186520633422,0.380353830740598,-3.37019139215256,0.00075115991596491,0.00169219347226908,"DOWN"
"CRYBA2",9.84391845773428,-1.57577547219089,0.241671381896228,-6.52032300981137,7.01561459799622e-11,5.04580605644075e-10,"DOWN"
"RETNLB",5.18240180182593,-1.50299973030063,0.266797438463619,-5.63348635937365,1.7660249225038e-08,8.67261067385276e-08,"DOWN"
"ALB",269.450083158118,-1.47491162412651,0.27005550178504,-5.46151296447395,4.72093764546032e-08,2.18202029043555e-07,"DOWN"
"S100P",12435.7220598043,-1.45444319767961,0.204596714073455,-7.10882970074205,1.17031043387501e-12,1.09193492899271e-11,"DOWN"
"ETNPPL",68.372073923193,-1.35526717073044,0.361619028750913,-3.74777614831757,0.000178409367448159,0.000449563927722311,"DOWN"
"SPINK1",10704.0479991265,-1.25689680058974,0.235011514766415,-5.34823496558882,8.88161147097197e-08,3.91389304048643e-07,"DOWN"
"CDC20B",78.2184693641205,-1.53216638199876,0.220899067441779,-6.93604730768083,4.03222621258768e-12,3.46373385233788e-11,"DOWN"
"TERT",48.3511725580668,-1.07751160969273,0.163109214235076,-6.60607443145302,3.94644529510707e-11,2.94487615799892e-10,"DOWN"
"TLX3",1.51670528011209,-1.51859731389246,0.457307377421739,-3.32073653054579,0.000897802473134621,0.00199374136992901,"DOWN"
"DACT2",531.669452566006,-1.41122104478081,0.202329692239552,-6.9748588512158,3.06178059074182e-12,2.66892511154512e-11,"DOWN"
"NA.20",NA,NA,NA,NA,NA,NA,NA
"SLC30A8",18.24766135808,-1.73087020848534,0.226651572756767,-7.63670063010258,2.22858867941951e-14,2.61671216569673e-13,"DOWN"
"KCNV1",25.4958922934071,-1.23989873920168,0.27301296208626,-4.54153799045601,5.5845319755395e-06,1.82386247880765e-05,"DOWN"
"DEFA5",3.14661505343883,-2.91804705597442,0.855180954050635,-3.4121983682551,0.000644412002966216,0.00146903325728825,"DOWN"
"DEFA6",0.717288894327241,-2.12984471092431,0.574208232333901,-3.70918525892156,0.000207927252515117,0.000518116859981098,"DOWN"
"SPAG11B",2.10237302609406,-3.75204186948609,0.841415330021724,-4.45920312551141,8.22649311829069e-06,2.61502817084617e-05,"DOWN"
"ZMAT4",71.4002513171466,-1.90797097245826,0.288788430431838,-6.60681236296475,3.926832264026e-11,2.93136298958755e-10,"DOWN"
"RNF183",179.483771249892,-1.15212388893817,0.190856463321148,-6.03659875536692,1.57396441787018e-09,9.10600785654722e-09,"DOWN"
"SLC7A3",5.46023533578763,-1.40903671132406,0.220474254386043,-6.39093537360095,1.64874058897148e-10,1.1228061877122e-09,"DOWN"
"PHOX2A",2.13130029717471,-1.98478758946863,0.375868833992851,-5.28053248891177,1.28808980345976e-07,5.54587107559847e-07,"DOWN"
"RPL10L",2.30403774489463,-1.09218828397182,0.212081741429399,-5.1498458877725,2.60700581324965e-07,1.06593560532932e-06,"DOWN"
"CDX2",52.5604183620993,-1.73884314450361,0.27697409382803,-6.2779992181624,3.42957640112659e-10,2.21564049169236e-09,"DOWN"
"OTX2",5.93594916962467,-1.97145524737975,0.436341444463071,-4.51814805216514,6.23828598652048e-06,2.01977462065234e-05,"DOWN"
"SOHLH1",5.38660133083782,-1.86228830726708,0.287917798428518,-6.46812499064531,9.92264097007151e-11,6.98959866814832e-10,"DOWN"
"RET",614.469619770084,-1.00550371715713,0.202636747061811,-4.96209957836726,6.97352255805743e-07,2.65464234715328e-06,"DOWN"
"C10orf82",10.8767713962086,-1.51813246634643,0.301342515228586,-5.037896710973,4.70675304835372e-07,1.84289521224312e-06,"DOWN"
"KCNC2",11.117760137138,-1.46251785365875,0.341818371220677,-4.27864028617278,1.88038461724143e-05,5.61866879881232e-05,"DOWN"
"SVOP",4.67460776143348,-1.26810140754966,0.243730164083597,-5.20289071448176,1.96212264805077e-07,8.18748288014504e-07,"DOWN"
"GPT2",3707.56455257826,-1.04132421476077,0.109147652316077,-9.54050950858049,1.42132281636072e-21,3.54711946398038e-20,"DOWN"
"AMN",546.981138505491,-1.19140064062396,0.14443574608969,-8.24865501012565,1.60187139482997e-16,2.42407417365147e-15,"DOWN"
"NA.21",NA,NA,NA,NA,NA,NA,NA
"ASPG",179.960865776386,-1.59180776589504,0.202952723798034,-7.84324416103481,4.3905312386483e-15,5.60418103290727e-14,"DOWN"
"WDR72",731.486843411261,-1.1325884226687,0.211575294069868,-5.35312228985817,8.64493810910894e-08,3.8182299724596e-07,"DOWN"
"CRABP1",57.3788886820766,-1.72836483280582,0.245217856015891,-7.04828294679248,1.81139024216795e-12,1.63604296617681e-11,"DOWN"
"RIMKLB",2131.58242613828,-1.04646773693364,0.120264078253849,-8.70141568561139,3.27769264134687e-18,5.89893880632427e-17,"DOWN"
"A2ML1",64.1535314292337,-1.08030367475912,0.222654902629705,-4.85191954904206,1.22272224838573e-06,4.46377211898974e-06,"DOWN"
"SLC38A8",14.7622275362818,-1.34374137583645,0.255811790285362,-5.25285161539069,1.49762188629807e-07,6.39153671684599e-07,"DOWN"
"GALR1",3.20655579035136,-2.31346067421464,0.325765220674935,-7.10161959407917,1.23303242029268e-12,1.14770940324378e-11,"DOWN"
"CDH16",24.1868989799912,-1.27584062615884,0.24898469901225,-5.12417281551936,2.98846793469708e-07,1.21047856432213e-06,"DOWN"
"SERPINB12",0.699417988913276,-1.49234555746899,0.453528446454536,-3.29052250004474,0.00100001504027877,0.00220116241107549,"DOWN"
"TAC3",7.09077410999358,-1.41257307649966,0.225987591849926,-6.25066652968152,4.08704686190504e-10,2.60243810471713e-09,"DOWN"
"B4GALNT2",450.767713412192,-1.4021635043758,0.251880390185936,-5.566783120118,2.59485025544352e-08,1.24480005731847e-07,"DOWN"
"BPIFB6",2.15216897511325,-2.00611284599035,0.433161328652948,-4.63132951463834,3.63325099454232e-06,1.222646670142e-05,"DOWN"
"ANKRD40CL",5.38997558904378,-1.74694520340092,0.251777809340488,-6.93843992040802,3.96453526321966e-12,3.4146158557408e-11,"DOWN"
"NA.22",NA,NA,NA,NA,NA,NA,NA
"GPT",138.067141912988,-1.0608427093236,0.136920118554363,-7.74789505387696,9.34283031393409e-15,1.14817847193499e-13,"DOWN"
"KLK13",345.715822769791,-1.68522620128247,0.224991492476888,-7.49017744062294,6.87805626129506e-14,7.59117749654031e-13,"DOWN"
"RAB26",197.348084613442,-1.31096397033124,0.11716043386304,-11.1894769172991,4.59134181581144e-29,1.92866041663752e-27,"DOWN"
"KCNJ4",1.65266670429528,-1.72704550539546,0.25976786339196,-6.64841864133727,2.9625866248554e-11,2.2564976907017e-10,"DOWN"
"GNG4",577.207849138242,-1.27862688302146,0.207023623291628,-6.17623661827373,6.56475790609261e-10,4.04277081667144e-09,"DOWN"
"LRP1B",28.9718184446695,-1.36422843237363,0.240830365448629,-5.66468613636941,1.47293893921613e-08,7.3218701515587e-08,"DOWN"
"HTR1E",1.49717227190889,-1.36763070481605,0.475173728583857,-2.8781698619828,0.00399989699985351,0.00787017892430292,"DOWN"
"FSTL5",23.1672814750697,-1.06189105523108,0.345019133929432,-3.07777439221175,0.00208552739334429,0.00431839099369739,"DOWN"
"TM4SF20",17.5809574814392,-2.0679539071385,0.311388552617645,-6.64107235078017,3.11409120402676e-11,2.35990480784158e-10,"DOWN"
"RAB3B",444.101311228083,-1.05267373300114,0.195102220133335,-5.39549848423933,6.83335695642703e-08,3.07240969867864e-07,"DOWN"
"NR0B1",273.181382309226,-2.82771716047099,0.416543336291554,-6.78853054197407,1.13281400823865e-11,9.2037006396747e-11,"DOWN"
"UMOD",0.893763847524267,-1.61643599865317,0.569745572610628,-2.83711901655771,0.00455226393549449,0.00885952834415607,"DOWN"
"GP2",61.6159881136024,-1.2904598593567,0.36883680562083,-3.49872854251783,0.000467482260426691,0.00108965519468747,"DOWN"
"CHRNA5",126.355701178861,-1.22911544042966,0.139430314188337,-8.81526694954888,1.19400222197536e-18,2.25070573583383e-17,"DOWN"
"NRG4",64.745040213407,-1.20828457357786,0.150645646443775,-8.02070688467473,1.05138344260852e-15,1.44268316688349e-14,"DOWN"
"NA.23",NA,NA,NA,NA,NA,NA,NA
"MUC3A",2578.00378177848,-1.08592947915126,0.197723478838784,-5.49216251670689,3.97041768229624e-08,1.85359068372781e-07,"DOWN"
"SERPINA6",12.2052705109853,-1.07792205192701,0.275247841790133,-3.91618711673275,8.99604358085409e-05,0.000238722784798403,"DOWN"
"NA.24",NA,NA,NA,NA,NA,NA,NA
"VGLL2",6.20357551487071,-3.11397835799776,0.429988305651354,-7.24200708965946,4.42092733671753e-13,4.36516183991699e-12,"DOWN"
"HOXD12",5.19789620363327,-1.64348766131113,0.319038960140166,-5.15136979066468,2.58590733434617e-07,1.05775277762311e-06,"DOWN"
"CNGB3",21.7750104045159,-1.182425000921,0.189091170509592,-6.25320049441981,4.02125352214032e-10,2.56305599738512e-09,"DOWN"
"DLGAP1",158.520315918271,-1.04773833662611,0.174916640036626,-5.98992946815535,2.09932060814569e-09,1.18671281825312e-08,"DOWN"
"PGK2",0.801029598048927,-1.02404687932218,0.255856027106006,-4.0024340677263,6.2694141978101e-05,0.000171360471363787,"DOWN"
"KRT38",1.53634416346272,-1.08807664356292,0.34959764775612,-3.11236831982911,0.0018559278936534,0.003873837071664,"DOWN"
"KRT13",92.9117967231423,-1.80093373927985,0.209619108380022,-8.59145787422635,8.58726928723636e-18,1.47726801127559e-16,"DOWN"
"KRT20",65.5934754174343,-1.83114101778441,0.321135942921071,-5.70207433377978,1.18358190473296e-08,5.97183404223403e-08,"DOWN"
"FGG",20927.9380197669,-1.53759182123841,0.243400481494205,-6.31712727846439,2.66470114868723e-10,1.75228374119645e-09,"DOWN"
"FGA",16344.5965380261,-1.90057016076477,0.272293033868631,-6.97987067007269,2.95451916764308e-12,2.58351427081791e-11,"DOWN"
"FGB",9039.97793062161,-1.24199262795183,0.333609604989576,-3.72289229499445,0.000196953553791817,0.000493041576798909,"DOWN"
"NA.25",NA,NA,NA,NA,NA,NA,NA
"LGALS4",1993.72765272667,-1.05824988395406,0.264575953661728,-3.9997961617747,6.33970653459269e-05,0.000173111824132455,"DOWN"
"PAH",169.827847873148,-1.1250703206365,0.259925082936036,-4.32844074888057,1.50168719829574e-05,4.56691920455333e-05,"DOWN"
"CYP4F11",691.78493010594,-1.39999057639687,0.227443508761552,-6.15533318150046,7.49198200685547e-10,4.57905993401129e-09,"DOWN"
"NA.26",NA,NA,NA,NA,NA,NA,NA
"MUCL1",26.0587286530252,-1.76225558785141,0.215979785447082,-8.15935428495546,3.36820343462232e-16,4.91757701454859e-15,"DOWN"
"NA.27",NA,NA,NA,NA,NA,NA,NA
"NA.28",NA,NA,NA,NA,NA,NA,NA
"INSM1",55.0549609782414,-1.90612231575581,0.243812477574046,-7.81798509543845,5.36755443320213e-15,6.80227590751253e-14,"DOWN"
"NLRP13",1.45176185098407,-1.82355990789935,0.502575780304324,-3.62842775032878,0.000285152525703917,0.000691454077941659,"DOWN"
"MUC13",3232.09251147336,-1.13669669112384,0.251013746687841,-4.52842406490761,5.94252289700082e-06,1.93171637400672e-05,"DOWN"
"KRT28",0.389529157737401,-1.23066778996597,0.521840326399028,-2.35832251305342,0.0183577360788855,0.0316730666472122,"DOWN"
"NWD2",2.56949594189432,-1.15311598459811,0.324892219291083,-3.54922622374343,0.000386364996907003,0.000915633833936477,"DOWN"
"EVX2",1.57454706928372,-1.68229414090986,0.389009207368847,-4.32456124184937,1.5283574262151e-05,4.64151053199727e-05,"DOWN"
"ZIC4",14.7562580155982,-1.81891393584269,0.395630641943037,-4.59750520563717,4.27579948363223e-06,1.42290605660706e-05,"DOWN"
"CA5A",10.6387913093137,-1.09941947775574,0.200534025137752,-5.48245853540574,4.19455333197284e-08,1.94982206042172e-07,"DOWN"
"ZG16",11.8462272426452,-1.36193748158925,0.228082839849882,-5.97124046020141,2.35456403079427e-09,1.317244762463e-08,"DOWN"
"WFDC5",14.7717180238185,-2.92134141217609,0.320958226103968,-9.10193655927602,8.87352653441536e-20,1.89850609969583e-18,"DOWN"
"ANKS4B",175.436586351313,-1.13521883075203,0.286743444878047,-3.95900534442849,7.526255285192e-05,0.000202840489164377,"DOWN"
"APOF",4.22273609004959,-1.28586286688082,0.229646750917761,-5.59930790112201,2.15209262613654e-08,1.04396310044866e-07,"DOWN"
"PCSK1",705.698945676983,-1.17076249871574,0.253444140808532,-4.61941039544571,3.84832024621118e-06,1.29012056964056e-05,"DOWN"
"EIF4E1B",10.0916288191306,-1.08561462200413,0.380748535279349,-2.85126407960474,0.00435457872711463,0.00850792842523969,"DOWN"
"CALCB",29.238816211837,-1.48745119450156,0.228482135485384,-6.51014221020666,7.50796922267785e-11,5.37019552731061e-10,"DOWN"
"GPX2",5731.32394074387,-1.53257895881138,0.238225328671897,-6.43331658877536,1.24849226018224e-10,8.6629984489897e-10,"DOWN"
"FOXG1",8.55234467926948,-1.37511585322547,0.385317912073087,-3.5687825822243,0.000358643889248973,0.000853728388538316,"DOWN"
"GJC3",20.1848929051349,-1.12966773730364,0.164799175959487,-6.85481423512308,7.14052468195695e-12,5.92742617444731e-11,"DOWN"
"RIMS2",126.297700040723,-1.03110321515352,0.230340374404979,-4.47643283474334,7.59005311536018e-06,2.4267999552409e-05,"DOWN"
"DCAF4L2",8.02654338713939,-1.43146546345668,0.634488121986137,-2.25609497460058,0.0240646837981761,0.040467049483939,"DOWN"
"TCERG1L",10.1039496528507,-1.06178394758496,0.221912340776655,-4.78469986783472,1.71243021975697e-06,6.0962515823348e-06,"DOWN"
"ZDHHC22",2.66996010973423,-1.22310847419914,0.231324661691629,-5.28741062563241,1.24059941018519e-07,5.35559758669313e-07,"DOWN"
"TRIM72",56.9271408963455,-2.03499993968353,0.205206933232297,-9.91681863584931,3.51790491940647e-23,9.82342188884692e-22,"DOWN"
"NA.29",NA,NA,NA,NA,NA,NA,NA
"OLIG3",2.91363974866863,-2.48929461264746,0.655148327951858,-3.79958935471842,0.00014493604827327,0.000370485051395974,"DOWN"
"CAPZA3",2.11841895749493,-1.43119984903518,0.334621271743976,-4.27707372450073,1.89366102758758e-05,5.65054303256422e-05,"DOWN"
"LCN15",13.4888028916789,-1.73139893170269,0.338240121202839,-5.11884552768472,3.07411614204901e-07,1.2428458354009e-06,"DOWN"
"AMER3",2.60108054567441,-1.22644839313234,0.310781221721273,-3.94634008560624,7.9354879155536e-05,0.000212898272487344,"DOWN"
"CALML3",3.30327287006333,-1.66973131459656,0.329583106279064,-5.06619205531358,4.05852454343153e-07,1.60488338153832e-06,"DOWN"
"GLDC",320.42758122257,-1.03121409275584,0.175738651775133,-5.86788439731136,4.41390814880958e-09,2.36545184845883e-08,"DOWN"
"UCN3",167.229815872395,-1.50976590901375,0.231968744008321,-6.50848852705598,7.5910705864477e-11,5.42565298131471e-10,"DOWN"
"CA8",378.122719658978,-1.07025133503678,0.168193597169289,-6.36321092508389,1.97579066052674e-10,1.32976988136487e-09,"DOWN"
"OTOS",2.39601322677284,-1.7279902921894,0.381153642431623,-4.53357937540735,5.79924588736798e-06,1.88955368757421e-05,"DOWN"
"DYNAP",0.735073781019356,-1.41749590249417,0.311043577358411,-4.55722607916387,5.18336229673864e-06,1.70196958432838e-05,"DOWN"
"RNF186",30.9692337359798,-1.46597537530408,0.216753166000153,-6.76334008105354,1.34846203475467e-11,1.08159973330878e-10,"DOWN"
"NA.30",NA,NA,NA,NA,NA,NA,NA
"MKRN3",58.0905104258801,-1.00923014470734,0.227927806952778,-4.4278500205832,9.5177042561359e-06,2.99643956802366e-05,"DOWN"
"NLRP8",2.31479126491855,-1.0602915843854,0.382042314155644,-2.77532499699351,0.00551465694325977,0.0105658290062986,"DOWN"
"ATOH7",7.75322268729234,-1.1327231991693,0.159323151429541,-7.10959574302819,1.16383341531859e-12,1.08745336040147e-11,"DOWN"
"NLRP11",19.8079814590061,-1.83768055569336,0.230678183841539,-7.96642545510816,1.63329937183349e-15,2.18194914711491e-14,"DOWN"
"F2",27.1145712531288,-2.64950829141793,0.283030625845176,-9.36120705491168,7.88308907254461e-21,1.86921276293147e-19,"DOWN"
"ALX1",18.3067652826566,-1.87516678695381,0.295230053408264,-6.35154438142755,2.13163894806209e-10,1.42677797859472e-09,"DOWN"
"GREM2",250.259036417238,-1.04977611741608,0.18739980726258,-5.60179934414319,2.12138045978088e-08,1.02983378683908e-07,"DOWN"
"OR56A1",0.60176427501383,-1.29030480426885,0.401181580279064,-3.21626133326289,0.00129872508072176,0.0028004702454196,"DOWN"
"NQO1",13858.7397649099,-1.15086494930978,0.13564277930754,-8.48452792832007,2.1659624487304e-17,3.59904297427146e-16,"DOWN"
"SAGE1",7.53965652982926,-1.21795502763437,0.331888676767215,-3.66976975381608,0.000242769034029092,0.000598130608299967,"DOWN"
"SOX2",1085.26807535922,-1.20908741339885,0.177890609570448,-6.79680291342208,1.06966267498237e-11,8.71969686243469e-11,"DOWN"
"NA.31",NA,NA,NA,NA,NA,NA,NA
"ACTL9",0.577595779672711,-1.59851109005223,0.527131579389446,-3.03247073890682,0.0024256061275522,0.00496768824546811,"DOWN"
"MRGPRG",0.385249354922308,-1.36064391917634,0.569238670468866,-2.39028722004359,0.0168352011848204,0.029318701420062,"DOWN"
"GLTPD2",111.723986518193,-1.51184463280248,0.157185586680711,-9.61821414245488,6.69839833636428e-22,1.70664682319054e-20,"DOWN"
"NA.32",NA,NA,NA,NA,NA,NA,NA
"OTOP3",0.829385097647298,-1.37209866274027,0.393808858152397,-3.48417419856335,0.000493658074482777,0.00114805984127715,"DOWN"
"NEB",308.147855294554,-1.02925699268738,0.144211325000271,-7.1371439981253,9.52900075396088e-13,8.97678848213879e-12,"DOWN"
"CALN1",4.19479529538068,-1.18145123905982,0.242645249032664,-4.86904748298114,1.12137462473299e-06,4.12390807748504e-06,"DOWN"
"NA.33",NA,NA,NA,NA,NA,NA,NA
"FAM9A",0.289512776227159,-1.18605170664364,0.506751350653146,-2.34050033633842,0.0192579210672314,0.0330768540290277,"DOWN"
"NA.34",NA,NA,NA,NA,NA,NA,NA
"NA.35",NA,NA,NA,NA,NA,NA,NA
"GKN2",569.06083478178,-1.94479659654697,0.243453716564231,-7.98836273273267,1.36742608779113e-15,1.84446379772574e-14,"DOWN"
"NA.36",NA,NA,NA,NA,NA,NA,NA
"NA.37",NA,NA,NA,NA,NA,NA,NA
"SRARP",4.24023864214855,-1.19858157522095,0.279668695103349,-4.28571948239695,1.82148713126371e-05,5.45354925890336e-05,"DOWN"
"NPW",191.902063331293,-1.45331234790584,0.210545641106501,-6.90260002661706,5.10592446236709e-12,4.33636486692797e-11,"DOWN"
"NA.38",NA,NA,NA,NA,NA,NA,NA
"GAST",1.44527721658848,-1.07779871436579,0.379168546621699,-2.84253196624225,0.00447567425772528,0.00872092041960646,"DOWN"
"RALYL",1.09709286911392,-1.30333667527352,0.411316706024698,-3.16869374908214,0.00153125650368027,0.00324833701711277,"DOWN"
"LRRC26",16.755532164853,-1.45453071130067,0.211641592558062,-6.87261276821868,6.30365125024721e-12,5.26637233255758e-11,"DOWN"
"NA.39",NA,NA,NA,NA,NA,NA,NA
"DDX53",5.94309794885733,-1.46854795481819,0.397321412258495,-3.69612084702539,0.000218918797933453,0.000543144894414578,"DOWN"
"SATL1",2.56783525242019,-1.28163269302483,0.213419985694805,-6.0052140330362,1.91079668682126e-09,1.08644510568358e-08,"DOWN"
"LCN12",117.701154549135,-1.21748407626003,0.129125891245433,-9.42865961672958,4.15362723923823e-21,1.0044460114143e-19,"DOWN"
"AQP12A",0.63448851169906,-1.35625248489256,0.445969718587586,-3.04113133328402,0.00235691000818676,0.00483665329222658,"DOWN"
"RFX6",12.7406876001229,-1.73971077819447,0.347207978874071,-5.01057257910955,5.42683260407528e-07,2.10370712581606e-06,"DOWN"
"NOTUM",384.238535188342,-1.32193036808598,0.183245673926382,-7.21397858820425,5.43403042620123e-13,5.29573435185441e-12,"DOWN"
"C12orf56",109.472302130677,-1.37942370031007,0.227166819400488,-6.07229393777879,1.26095850829397e-09,7.39923085458759e-09,"DOWN"
"PDIA2",125.101265678718,-1.42971089189436,0.209091686031317,-6.8377223362206,8.04621544985002e-12,6.65092389028951e-11,"DOWN"
"PRAME",1282.18030300246,-1.2469388143577,0.247920503398612,-5.02959132973704,4.91526335340848e-07,1.91683469430341e-06,"DOWN"
"NAT8L",204.036116974377,-1.22462891020398,0.170679951650593,-7.17500150639237,7.2306389871786e-13,6.94001696403424e-12,"DOWN"
"TMEM210",1.91257933443957,-1.7459376733121,0.266374967378566,-6.55443599109225,5.58525652601365e-11,4.07723726398996e-10,"DOWN"
"NA.40",NA,NA,NA,NA,NA,NA,NA
"KRTAP5-5",0.722016837325924,-1.61066068132604,0.457437357624539,-3.52105190903112,0.00042983846294071,0.00100915218997559,"DOWN"
"GRK1",35.2953519116996,-1.51356345882859,0.213836457355964,-7.07813568155512,1.46106641495162e-12,1.34265183846403e-11,"DOWN"
"CYP4F2",2.22406774741615,-1.42110148572511,0.318066801066932,-4.46793403447994,7.8978650698495e-06,2.51984429655323e-05,"DOWN"
"KLK12",632.794084042064,-2.27809518851592,0.31369834727387,-7.26205671248584,3.81248276235839e-13,3.79709256623032e-12,"DOWN"
"CYP4F3",573.104065098519,-1.90575212613084,0.240628632687008,-7.91988927024199,2.37722187802931e-15,3.11387309305573e-14,"DOWN"
"NA.41",NA,NA,NA,NA,NA,NA,NA
"NA.42",NA,NA,NA,NA,NA,NA,NA
"NA.43",NA,NA,NA,NA,NA,NA,NA
"NA.44",NA,NA,NA,NA,NA,NA,NA
"HPDL",107.358557202587,-1.11059455242937,0.141587516662799,-7.8438733767351,4.36857617496052e-15,5.57981115505606e-14,"DOWN"
"SELENOV",1.41663790930176,-1.41261250215665,0.385215701709002,-3.66706885490291,0.000245346746238132,0.00060409972598881,"DOWN"
"CCK",14.9454159788428,-1.08477563846235,0.258259792655127,-4.20032722596866,2.66529491235114e-05,7.74668403469072e-05,"DOWN"
"AKR1C1",15611.7764955747,-1.72883204651248,0.231811162220744,-7.45793269810789,8.78905409883318e-14,9.55423610933394e-13,"DOWN"
"VSTM2B",0.391931857226968,-1.32300947408409,0.570790232961325,-2.31785583859795,0.0204571572052192,0.034893712355555,"DOWN"
"CIDEC",19.5194512871738,-1.29545312764344,0.239204560520291,-5.4156706913351,6.10593900441735e-08,2.77349935061987e-07,"DOWN"
"LIN28B",29.8285463681612,-1.9086684225291,0.477834217317164,-3.99441553860555,6.48540348583798e-05,0.000176750440040236,"DOWN"
"EYS",63.9384900156007,-1.27484222073365,0.121927680447644,-10.4557243773786,1.37940640554946e-25,4.62754049063073e-24,"DOWN"
"FAM166A",9.73926988589281,-1.3866076946267,0.179596078168943,-7.7207014137711,1.15691279170021e-14,1.40845641617919e-13,"DOWN"
"HEPACAM2",72.200336357913,-2.09953374609867,0.232002658674921,-9.04961071605865,1.43478927369591e-19,2.99096018541251e-18,"DOWN"
"NA.45",NA,NA,NA,NA,NA,NA,NA
"SLC38A3",61.889350206022,-1.59980767425397,0.182306274705715,-8.77538459296824,1.70320776218119e-18,3.16164023739748e-17,"DOWN"
"C10orf99",2.03310656601024,-1.46852494589869,0.40344086976746,-3.64000044602604,0.000272637568626519,0.000663749544104356,"DOWN"
"CLEC2A",3.91562222421973,-2.18970603736951,0.416841023188556,-5.25309630184602,1.49563283259916e-07,6.38444580380865e-07,"DOWN"
"COL25A1",568.455054676714,-1.57507714930373,0.254083056063484,-6.19906409229504,5.67998999692296e-10,3.53363182349267e-09,"DOWN"
"NKAIN2",33.1676087534659,-1.31379010919351,0.245691650208921,-5.34731281293583,8.92696568442677e-08,3.93193672094339e-07,"DOWN"
"PAQR9",3.58573794887755,-1.65409602836032,0.343915810402516,-4.8095957741064,1.51235820420429e-06,5.42661519848044e-06,"DOWN"
"HMX3",1.47824268912704,-1.20805707981726,0.315363978196418,-3.83067554742999,0.000127791922698448,0.000329862583143353,"DOWN"
"HMX2",3.23909286099203,-1.22177569679709,0.336227548030045,-3.63377630404013,0.000279303040404872,0.000678282526854144,"DOWN"
"ENTPD8",260.018202048754,-1.1676207828087,0.153676947586005,-7.59789155855818,3.00994383873938e-14,3.48584761502491e-13,"DOWN"
"NYX",0.621979055777015,-1.05794818679058,0.289622564609505,-3.65285138682824,0.000259344342680957,0.000635331212345786,"DOWN"
"GAGE2A",1.63371517908618,-2.4628056158701,0.775595494572166,-3.1753738038778,0.00149643595033837,0.00317931470547691,"DOWN"
"NA.46",NA,NA,NA,NA,NA,NA,NA
"SH2D5",27.8768348668999,-1.04890421906843,0.188684381239397,-5.55904104080355,2.71260912662118e-08,1.29777772427525e-07,"DOWN"
"MYBPC1",40.194469890146,-1.58727185126904,0.213339587336474,-7.44011869098458,1.00594876049224e-13,1.08625746763182e-12,"DOWN"
"AKR1C3",9047.48995604931,-1.33649679112946,0.184210950771885,-7.25525157722295,4.00915962793888e-13,3.98077077474053e-12,"DOWN"
"C20orf204",95.0699916469228,-1.09286864304784,0.120408039777631,-9.07637600500885,1.12250072760913e-19,2.37553329878714e-18,"DOWN"
"NBPF4",3.31501999507121,-1.06819228834124,0.333705511749064,-3.20100283253485,0.00136950185836478,0.00293732323353187,"DOWN"
"SLC30A10",10.5758588696134,-1.24632262149619,0.29815639423411,-4.18009690752294,2.91384894516917e-05,8.3989692088572e-05,"DOWN"
"CLPSL2",29.4259854363751,-1.26951538235894,0.194725498983992,-6.51951279613002,7.05361222889244e-11,5.06752509964403e-10,"DOWN"
"NA.47",NA,NA,NA,NA,NA,NA,NA
"NPIPB9",2.50394895592592,-1.0277344767927,0.174026000806086,-5.90563750262747,3.51285643417033e-09,1.913078646505e-08,"DOWN"
"CYP2B6",20.6699571289533,-2.35355522963647,0.239334165297716,-9.83376204023693,8.05521696410885e-23,2.19586341045378e-21,"DOWN"
"OGDHL",176.026873922518,-1.16667698520344,0.196450932865791,-5.9387704002428,2.87167704086869e-09,1.59010957964692e-08,"DOWN"
"STPG3",18.9865362293486,-1.01914561722164,0.144513851551084,-7.05223482927781,1.76066730047588e-12,1.59540522331825e-11,"DOWN"
"NA.48",NA,NA,NA,NA,NA,NA,NA
"AKR1C4",33.7044665379109,-2.1037266953413,0.257148409154986,-8.18098273387863,2.81538249559128e-16,4.16347649632547e-15,"DOWN"
"MAGEA1",92.2240747930065,-2.80600680273551,0.441250650948491,-6.35921283448274,2.02790261994155e-10,1.36343049207592e-09,"DOWN"
"SMOC1",1222.91507270131,-1.01726245626863,0.213213750303438,-4.77109217778354,1.83229658355298e-06,6.48819137610769e-06,"DOWN"
"SYCP1",0.54274682503571,-1.87586149816361,0.574241940918812,-3.26667448769442,0.00108818724444778,0.00238143330381195,"DOWN"
"MUC2",74.8063677143099,-2.69630030906112,0.260361416142856,-10.3559903345345,3.93097152265307e-25,1.28770699072321e-23,"DOWN"
"PAX9",707.001556901095,-1.03413862514419,0.152258998106886,-6.79197051078866,1.10612162611199e-11,9.00560426672884e-11,"DOWN"
"CES1",6990.87349831356,-1.63014594146774,0.177333288192684,-9.1925546414979,3.83620480576875e-20,8.48711326552086e-19,"DOWN"
"CSAG1",193.542932577744,-1.05594501269603,0.361506741105281,-2.9209552482135,0.00348959949225739,0.00694180278664919,"DOWN"
"NA.49",NA,NA,NA,NA,NA,NA,NA
"NA.50",NA,NA,NA,NA,NA,NA,NA
"STUM",466.719342532069,-1.21869321775986,0.215383820370776,-5.65823939635723,1.52933714887191e-08,7.58288231204844e-08,"DOWN"
"PNLIPRP3",6.10232526200739,-1.01745046515883,0.407052019065983,-2.49955882172863,0.0124348053940056,0.0222008603036148,"DOWN"
"RIPPLY2",2.08097247929803,-1.58076820301175,0.439866577522302,-3.5937447485007,0.000325959174498895,0.00078203720706031,"DOWN"
"C10orf62",0.611102052776993,-1.02046832199846,0.285781333847708,-3.57080117255756,0.000355890979867992,0.000847900145288722,"DOWN"
"NA.51",NA,NA,NA,NA,NA,NA,NA
"BTBD17",2.34434342893725,-1.12169551145596,0.289815804900829,-3.87037384603572,0.000108668580094735,0.00028457064283575,"DOWN"
"NA.52",NA,NA,NA,NA,NA,NA,NA
"MCCD1",3.48924696804071,-1.4730809353152,0.383857370518021,-3.83757366265301,0.000124255967182449,0.000321501799595528,"DOWN"
"TRIM40",5.36131807512615,-1.35344402149291,0.294079309297555,-4.60230957671173,4.17831524268398e-06,1.39284320840009e-05,"DOWN"
"SPDYC",12.719845824512,-1.21804395645659,0.265957182951005,-4.57984981996513,4.653099205864e-06,1.53926606621682e-05,"DOWN"
"NA.53",NA,NA,NA,NA,NA,NA,NA
"NA.54",NA,NA,NA,NA,NA,NA,NA
"NA.55",NA,NA,NA,NA,NA,NA,NA
"LINC00634",11.5091468141905,-1.07405225000015,0.142668748974282,-7.52829374142587,5.14076420666796e-14,5.76848791895021e-13,"DOWN"
"GMNC",10.9396284601175,-1.2183126905518,0.290859182206246,-4.18866848662151,2.80595946751697e-05,8.11799851289495e-05,"DOWN"
"NA.56",NA,NA,NA,NA,NA,NA,NA
"NA.57",NA,NA,NA,NA,NA,NA,NA
"KRTAP3-2",0.512193117506923,-1.01548579707982,0.379225544915571,-2.67778848417476,0.00741100020318281,0.0138505901774126,"DOWN"
"NA.58",NA,NA,NA,NA,NA,NA,NA
"MAGEA12",252.330410613159,-1.07096778229374,0.425838352548815,-2.51496319174533,0.0119044811761486,0.0213263090628964,"DOWN"
"NA.59",NA,NA,NA,NA,NA,NA,NA
"NA.60",NA,NA,NA,NA,NA,NA,NA
"NA.61",NA,NA,NA,NA,NA,NA,NA
"CEACAM18",0.728314776826278,-1.51585766483876,0.677545066207625,-2.23727946736203,0.0252680803278397,0.0423088963021959,"DOWN"
"NA.62",NA,NA,NA,NA,NA,NA,NA
"NA.63",NA,NA,NA,NA,NA,NA,NA
"NA.64",NA,NA,NA,NA,NA,NA,NA
"NA.65",NA,NA,NA,NA,NA,NA,NA
"NA.66",NA,NA,NA,NA,NA,NA,NA
"NA.67",NA,NA,NA,NA,NA,NA,NA
"PNMA6E",7.97060257899951,-1.12473635375333,0.392082520336525,-2.86862151566452,0.00412264802012479,0.00809291293788421,"DOWN"
"MUC5AC",4860.58933059668,-1.26903691931844,0.281180513657423,-4.51324632283935,6.38428007636791e-06,2.06327313826044e-05,"DOWN"
"NA.68",NA,NA,NA,NA,NA,NA,NA
"KCNU1",30.5340744069114,-1.69115126941453,0.409797484446744,-4.126797585636,3.67849900294604e-05,0.000104363353808474,"DOWN"
"NA.69",NA,NA,NA,NA,NA,NA,NA
"SCRT2",0.623934563924009,-1.3464324168863,0.42898109192851,-3.13867543866172,0.00169713308837974,0.00357261270392153,"DOWN"
"NA.70",NA,NA,NA,NA,NA,NA,NA
"GCGR",9.49442300431355,-1.03278942745518,0.19337504279658,-5.34086204982315,9.25056315643557e-08,4.06545042800644e-07,"DOWN"
"NA.71",NA,NA,NA,NA,NA,NA,NA
"NA.72",NA,NA,NA,NA,NA,NA,NA
"SP9",8.58285007211014,-1.70838856335874,0.408946992651516,-4.17753057011608,2.94691066944562e-05,8.48673697667916e-05,"DOWN"
"NA.73",NA,NA,NA,NA,NA,NA,NA
"NA.74",NA,NA,NA,NA,NA,NA,NA
"NA.75",NA,NA,NA,NA,NA,NA,NA
"CKMT1A",130.870866758857,-1.12515524263146,0.156133746230299,-7.2063552550122,5.74693507168864e-13,5.5755854396358e-12,"DOWN"
"NA.76",NA,NA,NA,NA,NA,NA,NA
"CENPVL3",1.65009766691846,-1.17923310528434,0.448807547129178,-2.6274805600471,0.00860197567424654,0.0158634788406414,"DOWN"
"PNMA6F",1.67166491768467,-1.28877539362786,0.477865544354928,-2.69694144901697,0.00699795736265314,0.0131403840997565,"DOWN"
"C2CD4D",98.5169761314843,-1.06561066166096,0.105207296739849,-10.1286763816007,4.12191114370637e-24,1.24945832195927e-22,"DOWN"
"NA.77",NA,NA,NA,NA,NA,NA,NA
"NA.78",NA,NA,NA,NA,NA,NA,NA
"NA.79",NA,NA,NA,NA,NA,NA,NA
"NA.80",NA,NA,NA,NA,NA,NA,NA
"NA.81",NA,NA,NA,NA,NA,NA,NA
"NA.82",NA,NA,NA,NA,NA,NA,NA
"NA.83",NA,NA,NA,NA,NA,NA,NA
"NA.84",NA,NA,NA,NA,NA,NA,NA
"NA.85",NA,NA,NA,NA,NA,NA,NA
"NA.86",NA,NA,NA,NA,NA,NA,NA
"NA.87",NA,NA,NA,NA,NA,NA,NA
"PRAC2",3.45805172630938,-1.38408166446893,0.357664145146329,-3.86978030437653,0.000108933472374391,0.000285149383568259,"DOWN"
"NA.88",NA,NA,NA,NA,NA,NA,NA
"NA.89",NA,NA,NA,NA,NA,NA,NA
"NA.90",NA,NA,NA,NA,NA,NA,NA
"NA.91",NA,NA,NA,NA,NA,NA,NA
"NA.92",NA,NA,NA,NA,NA,NA,NA
"PLSCR5",0.4500535816161,-1.06806806884768,0.410819851075241,-2.59984532405682,0.00932657880960507,0.0170882071421332,"DOWN"
"NA.93",NA,NA,NA,NA,NA,NA,NA
"NA.94",NA,NA,NA,NA,NA,NA,NA
"NA.95",NA,NA,NA,NA,NA,NA,NA
"NA.96",NA,NA,NA,NA,NA,NA,NA
"NA.97",NA,NA,NA,NA,NA,NA,NA
"ERVH48-1",109.079922172422,-2.94770652048264,0.221382013148183,-13.3150226550229,1.89315021557229e-40,1.58366484342144e-38,"DOWN"
"NA.98",NA,NA,NA,NA,NA,NA,NA
"PIRT",1.69242805929212,-1.246306850276,0.389350755791747,-3.20098736611318,0.00136957537049601,0.00293732323353187,"DOWN"
"TMEM229A",40.4544881658692,-1.48851489782286,0.312124160175044,-4.76898326931204,1.85158035329251e-06,6.5485669871211e-06,"DOWN"
"NA.99",NA,NA,NA,NA,NA,NA,NA
"NA.100",NA,NA,NA,NA,NA,NA,NA
"NA.101",NA,NA,NA,NA,NA,NA,NA
"NA.102",NA,NA,NA,NA,NA,NA,NA
"NA.103",NA,NA,NA,NA,NA,NA,NA
"CLEC2L",23.5117779472414,-1.11848001003194,0.243041100291712,-4.60202002331901,4.18412967574001e-06,1.39430452230892e-05,"DOWN"
"NA.104",NA,NA,NA,NA,NA,NA,NA
"NA.105",NA,NA,NA,NA,NA,NA,NA
"NA.106",NA,NA,NA,NA,NA,NA,NA
"CKMT1B",161.303822013878,-1.24066974416226,0.157603746532509,-7.87208281185334,3.48785154447139e-15,4.48724187810507e-14,"DOWN"
"PRSS56",2.85007633098247,-1.96129644053302,0.308648519354705,-6.3544657354376,2.09152259138223e-10,1.40185236687177e-09,"DOWN"
"NA.107",NA,NA,NA,NA,NA,NA,NA
"NA.108",NA,NA,NA,NA,NA,NA,NA
"PRR20G",6.77186023837546,-1.33202488426704,0.30453604580064,-4.37394818326048,1.22019353456875e-05,3.76488715882215e-05,"DOWN"
"STRIT1",1.55933221780527,-1.30233081780872,0.237297613065336,-5.48817495880225,4.06107723425895e-08,1.89307156777529e-07,"DOWN"
"NA.109",NA,NA,NA,NA,NA,NA,NA
"UGT1A1",51.0738272318822,-1.10348327413759,0.297081234277548,-3.71441594694152,0.000203673551391105,0.000508297207447379,"DOWN"
"NA.110",NA,NA,NA,NA,NA,NA,NA
"NA.111",NA,NA,NA,NA,NA,NA,NA
"STRC",8.67887601945774,-1.14631289206066,0.160043450107506,-7.16251050130853,7.92127981163528e-13,7.56090425115491e-12,"DOWN"
"NA.112",NA,NA,NA,NA,NA,NA,NA
"PSG4",10.0781758226029,-3.44839921892256,0.426102845341834,-8.09288005611917,5.8270238558812e-16,8.24198272677652e-15,"DOWN"
"NA.113",NA,NA,NA,NA,NA,NA,NA
"GSTA1",1107.88913750009,-1.19923588091464,0.200226421224856,-5.98939876954541,2.1061817628843e-09,1.18955632397502e-08,"DOWN"
"NA.114",NA,NA,NA,NA,NA,NA,NA
"NA.115",NA,NA,NA,NA,NA,NA,NA
"UGT1A4",0.587206613552342,-1.22413928258752,0.464339818299563,-2.63630047293893,0.00838154763584881,0.0154936214880813,"DOWN"
"NA.116",NA,NA,NA,NA,NA,NA,NA
"NA.117",NA,NA,NA,NA,NA,NA,NA
"FOXL3",1.61359683623932,-1.60355817259954,0.437890248275435,-3.66200932520173,0.000250244748137972,0.000615149500057664,"DOWN"
"NA.118",NA,NA,NA,NA,NA,NA,NA
"NA.119",NA,NA,NA,NA,NA,NA,NA
"NA.120",NA,NA,NA,NA,NA,NA,NA
"NA.121",NA,NA,NA,NA,NA,NA,NA
"TAF11L12",0.569686613944239,-1.71014310880832,0.753174496906575,-2.27058021193255,0.0231724024872042,0.0390838782345187,"DOWN"
"NA.122",NA,NA,NA,NA,NA,NA,NA
"NA.123",NA,NA,NA,NA,NA,NA,NA
"NA.124",NA,NA,NA,NA,NA,NA,NA
"NA.125",NA,NA,NA,NA,NA,NA,NA
"NA.126",NA,NA,NA,NA,NA,NA,NA
"NA.127",NA,NA,NA,NA,NA,NA,NA
"NA.128",NA,NA,NA,NA,NA,NA,NA
"NA.129",NA,NA,NA,NA,NA,NA,NA
"NA.130",NA,NA,NA,NA,NA,NA,NA
"NA.131",NA,NA,NA,NA,NA,NA,NA
"PRODH2",1.07861348838999,-1.30749466175377,0.407548949346833,-3.20819048570547,0.00133572997097577,0.00287327147823515,"DOWN"
"NA.132",NA,NA,NA,NA,NA,NA,NA
"NA.133",NA,NA,NA,NA,NA,NA,NA
"NA.134",NA,NA,NA,NA,NA,NA,NA
"NA.135",NA,NA,NA,NA,NA,NA,NA
"NA.136",NA,NA,NA,NA,NA,NA,NA
"NA.137",NA,NA,NA,NA,NA,NA,NA
"NA.138",NA,NA,NA,NA,NA,NA,NA
"NA.139",NA,NA,NA,NA,NA,NA,NA
"PRB1",1.50882601144237,-1.68753062293144,0.615062134951487,-2.74367503222182,0.00607556492066885,0.0115541843954295,"DOWN"
"NA.140",NA,NA,NA,NA,NA,NA,NA
"NA.141",NA,NA,NA,NA,NA,NA,NA
"NA.142",NA,NA,NA,NA,NA,NA,NA
"NA.143",NA,NA,NA,NA,NA,NA,NA
"NA.144",NA,NA,NA,NA,NA,NA,NA
"NA.145",NA,NA,NA,NA,NA,NA,NA
"NA.146",NA,NA,NA,NA,NA,NA,NA
"NA.147",NA,NA,NA,NA,NA,NA,NA
"NA.148",NA,NA,NA,NA,NA,NA,NA
"NA.149",NA,NA,NA,NA,NA,NA,NA
"NA.150",NA,NA,NA,NA,NA,NA,NA
"NA.151",NA,NA,NA,NA,NA,NA,NA
"NA.152",NA,NA,NA,NA,NA,NA,NA
"NA.153",NA,NA,NA,NA,NA,NA,NA
"NA.154",NA,NA,NA,NA,NA,NA,NA
"NA.155",NA,NA,NA,NA,NA,NA,NA
"NA.156",NA,NA,NA,NA,NA,NA,NA
"NA.157",NA,NA,NA,NA,NA,NA,NA
"NA.158",NA,NA,NA,NA,NA,NA,NA
"CARD18",9.51470341298931,-1.77389677115585,0.421942316155456,-4.20412151907108,2.620981057027e-05,7.62254027208356e-05,"DOWN"
"NA.159",NA,NA,NA,NA,NA,NA,NA
"NA.160",NA,NA,NA,NA,NA,NA,NA
"CYP2A6",33.2011798850682,-1.00620198036784,0.177321522337168,-5.67444925526071,1.3913555189375e-08,6.94179895984984e-08,"DOWN"
"NA.161",NA,NA,NA,NA,NA,NA,NA
"NA.162",NA,NA,NA,NA,NA,NA,NA
"NA.163",NA,NA,NA,NA,NA,NA,NA
"NA.164",NA,NA,NA,NA,NA,NA,NA
"NA.165",NA,NA,NA,NA,NA,NA,NA
"NA.166",NA,NA,NA,NA,NA,NA,NA
"NA.167",NA,NA,NA,NA,NA,NA,NA
"NA.168",NA,NA,NA,NA,NA,NA,NA
"NA.169",NA,NA,NA,NA,NA,NA,NA
"NA.170",NA,NA,NA,NA,NA,NA,NA
"KHDC1L",1.90482192401859,-1.06076577241729,0.30875324295611,-3.43564252884004,0.00059115041947195,0.00135729919023769,"DOWN"
"TAS2R38",3.37270485480736,-1.04789642284093,0.390211736163343,-2.68545593513947,0.00724309249440981,0.0135627933335135,"DOWN"
"NA.171",NA,NA,NA,NA,NA,NA,NA
"NA.172",NA,NA,NA,NA,NA,NA,NA
"NA.173",NA,NA,NA,NA,NA,NA,NA
"NA.174",NA,NA,NA,NA,NA,NA,NA
"NA.175",NA,NA,NA,NA,NA,NA,NA
"NA.176",NA,NA,NA,NA,NA,NA,NA
"NA.177",NA,NA,NA,NA,NA,NA,NA
"NA.178",NA,NA,NA,NA,NA,NA,NA
"NA.179",NA,NA,NA,NA,NA,NA,NA
"NA.180",NA,NA,NA,NA,NA,NA,NA
"NA.181",NA,NA,NA,NA,NA,NA,NA
"NA.182",NA,NA,NA,NA,NA,NA,NA
"NA.183",NA,NA,NA,NA,NA,NA,NA
"TMEM179",32.8704119755304,-1.18703837712589,0.277896137208055,-4.27151808964218,1.94146775037066e-05,5.78080475442628e-05,"DOWN"
"NA.184",NA,NA,NA,NA,NA,NA,NA
"NA.185",NA,NA,NA,NA,NA,NA,NA
"NA.186",NA,NA,NA,NA,NA,NA,NA
"NA.187",NA,NA,NA,NA,NA,NA,NA
"NA.188",NA,NA,NA,NA,NA,NA,NA
"NA.189",NA,NA,NA,NA,NA,NA,NA
"NA.190",NA,NA,NA,NA,NA,NA,NA
"NA.191",NA,NA,NA,NA,NA,NA,NA
"NA.192",NA,NA,NA,NA,NA,NA,NA
"NA.193",NA,NA,NA,NA,NA,NA,NA
"NA.194",NA,NA,NA,NA,NA,NA,NA
"NA.195",NA,NA,NA,NA,NA,NA,NA
"NA.196",NA,NA,NA,NA,NA,NA,NA
"NA.197",NA,NA,NA,NA,NA,NA,NA
"NA.198",NA,NA,NA,NA,NA,NA,NA
"NA.199",NA,NA,NA,NA,NA,NA,NA
"NA.200",NA,NA,NA,NA,NA,NA,NA
"NA.201",NA,NA,NA,NA,NA,NA,NA
"NA.202",NA,NA,NA,NA,NA,NA,NA
"NA.203",NA,NA,NA,NA,NA,NA,NA
"NA.204",NA,NA,NA,NA,NA,NA,NA
"NA.205",NA,NA,NA,NA,NA,NA,NA
"NA.206",NA,NA,NA,NA,NA,NA,NA
"NA.207",NA,NA,NA,NA,NA,NA,NA
"GFY",17.4937433896414,-1.28976784071845,0.287482816700932,-4.48641715536058,7.24308621104103e-06,2.32157528925178e-05,"DOWN"
"NA.208",NA,NA,NA,NA,NA,NA,NA
"NA.209",NA,NA,NA,NA,NA,NA,NA
"NA.210",NA,NA,NA,NA,NA,NA,NA
"NA.211",NA,NA,NA,NA,NA,NA,NA
"NA.212",NA,NA,NA,NA,NA,NA,NA
"NA.213",NA,NA,NA,NA,NA,NA,NA
"NA.214",NA,NA,NA,NA,NA,NA,NA
"NA.215",NA,NA,NA,NA,NA,NA,NA
"NA.216",NA,NA,NA,NA,NA,NA,NA
"MSMB",1722.38970680003,-1.63923101803665,0.258248968223916,-6.3474833193345,2.18865700835826e-10,1.46192987491127e-09,"DOWN"
"NA.217",NA,NA,NA,NA,NA,NA,NA
"AKR1C8P",3.87739272456974,-1.41106176315096,0.222913907941124,-6.33007503292999,2.45042009624755e-10,1.6223212668465e-09,"DOWN"
"NA.218",NA,NA,NA,NA,NA,NA,NA
"NA.219",NA,NA,NA,NA,NA,NA,NA
"NA.220",NA,NA,NA,NA,NA,NA,NA
"NA.221",NA,NA,NA,NA,NA,NA,NA
"NA.222",NA,NA,NA,NA,NA,NA,NA
"NA.223",NA,NA,NA,NA,NA,NA,NA
"IGBP1P2",1.12920698629821,-1.02221844904501,0.216872860740817,-4.71344568219928,2.43562672167192e-06,8.44328529381875e-06,"DOWN"
"NA.224",NA,NA,NA,NA,NA,NA,NA
"NA.225",NA,NA,NA,NA,NA,NA,NA
"NA.226",NA,NA,NA,NA,NA,NA,NA
"NA.227",NA,NA,NA,NA,NA,NA,NA
"NA.228",NA,NA,NA,NA,NA,NA,NA
"NA.229",NA,NA,NA,NA,NA,NA,NA
"NA.230",NA,NA,NA,NA,NA,NA,NA
"NA.231",NA,NA,NA,NA,NA,NA,NA
"NA.232",NA,NA,NA,NA,NA,NA,NA
"NA.233",NA,NA,NA,NA,NA,NA,NA
"NA.234",NA,NA,NA,NA,NA,NA,NA
"NA.235",NA,NA,NA,NA,NA,NA,NA
"NA.236",NA,NA,NA,NA,NA,NA,NA
"NA.237",NA,NA,NA,NA,NA,NA,NA
"NA.238",NA,NA,NA,NA,NA,NA,NA
"NA.239",NA,NA,NA,NA,NA,NA,NA
"NA.240",NA,NA,NA,NA,NA,NA,NA
"NA.241",NA,NA,NA,NA,NA,NA,NA
"NA.242",NA,NA,NA,NA,NA,NA,NA
"MAGEA9B",8.37890305409811,-2.41631211833199,0.586452704125176,-4.12021651760725,3.78516525668105e-05,0.000107155636917894,"DOWN"
"NA.243",NA,NA,NA,NA,NA,NA,NA
"GABRQ",24.1899839754475,-1.42755567741069,0.219488209898254,-6.50401986545175,7.82015628718371e-11,5.58324784591567e-10,"DOWN"
"NA.244",NA,NA,NA,NA,NA,NA,NA
"NA.245",NA,NA,NA,NA,NA,NA,NA
"NA.246",NA,NA,NA,NA,NA,NA,NA
"NA.247",NA,NA,NA,NA,NA,NA,NA
"NA.248",NA,NA,NA,NA,NA,NA,NA
"NA.249",NA,NA,NA,NA,NA,NA,NA
"NA.250",NA,NA,NA,NA,NA,NA,NA
"NA.251",NA,NA,NA,NA,NA,NA,NA
"NA.252",NA,NA,NA,NA,NA,NA,NA
"NA.253",NA,NA,NA,NA,NA,NA,NA
"NA.254",NA,NA,NA,NA,NA,NA,NA
"CSAG3",30.0941161628203,-1.30525210087623,0.392472902167363,-3.32571266364685,0.000881927933717132,0.00196094653845319,"DOWN"
"NA.255",NA,NA,NA,NA,NA,NA,NA
"NA.256",NA,NA,NA,NA,NA,NA,NA
"NA.257",NA,NA,NA,NA,NA,NA,NA
"NA.258",NA,NA,NA,NA,NA,NA,NA
"NA.259",NA,NA,NA,NA,NA,NA,NA
"NA.260",NA,NA,NA,NA,NA,NA,NA
"NA.261",NA,NA,NA,NA,NA,NA,NA
"NA.262",NA,NA,NA,NA,NA,NA,NA
"NA.263",NA,NA,NA,NA,NA,NA,NA
"NA.264",NA,NA,NA,NA,NA,NA,NA
"NA.265",NA,NA,NA,NA,NA,NA,NA
"NA.266",NA,NA,NA,NA,NA,NA,NA
"NA.267",NA,NA,NA,NA,NA,NA,NA
"NA.268",NA,NA,NA,NA,NA,NA,NA
"NA.269",NA,NA,NA,NA,NA,NA,NA
"NA.270",NA,NA,NA,NA,NA,NA,NA
"NA.271",NA,NA,NA,NA,NA,NA,NA
"NA.272",NA,NA,NA,NA,NA,NA,NA
"NA.273",NA,NA,NA,NA,NA,NA,NA
"NA.274",NA,NA,NA,NA,NA,NA,NA
"NA.275",NA,NA,NA,NA,NA,NA,NA
"NA.276",NA,NA,NA,NA,NA,NA,NA
"NA.277",NA,NA,NA,NA,NA,NA,NA
"NA.278",NA,NA,NA,NA,NA,NA,NA
"SMIM32",5.03338476320731,-1.01623535237415,0.278288224973738,-3.65173680082962,0.000260472766180429,0.00063763811675744,"DOWN"
"NA.279",NA,NA,NA,NA,NA,NA,NA
"NA.280",NA,NA,NA,NA,NA,NA,NA
"NA.281",NA,NA,NA,NA,NA,NA,NA
"NA.282",NA,NA,NA,NA,NA,NA,NA
"NA.283",NA,NA,NA,NA,NA,NA,NA
"NA.284",NA,NA,NA,NA,NA,NA,NA
"NA.285",NA,NA,NA,NA,NA,NA,NA
"NA.286",NA,NA,NA,NA,NA,NA,NA
"NA.287",NA,NA,NA,NA,NA,NA,NA
"NA.288",NA,NA,NA,NA,NA,NA,NA
"NA.289",NA,NA,NA,NA,NA,NA,NA
"NA.290",NA,NA,NA,NA,NA,NA,NA
"NA.291",NA,NA,NA,NA,NA,NA,NA
"NA.292",NA,NA,NA,NA,NA,NA,NA
"NA.293",NA,NA,NA,NA,NA,NA,NA
"NA.294",NA,NA,NA,NA,NA,NA,NA
"NA.295",NA,NA,NA,NA,NA,NA,NA
"NA.296",NA,NA,NA,NA,NA,NA,NA
"NA.297",NA,NA,NA,NA,NA,NA,NA
"NA.298",NA,NA,NA,NA,NA,NA,NA
"NA.299",NA,NA,NA,NA,NA,NA,NA
"NA.300",NA,NA,NA,NA,NA,NA,NA
"NA.301",NA,NA,NA,NA,NA,NA,NA
"CCL15",5.04198967576311,-1.06475874922298,0.225588510358324,-4.71991568866572,2.35942416394689e-06,8.19596085893582e-06,"DOWN"
"NA.302",NA,NA,NA,NA,NA,NA,NA
"TBC1D3F",0.753191606257364,-1.07757284991261,0.339250410444403,-3.17633469772678,0.00149148763179984,0.00317122127538024,"DOWN"
"NA.303",NA,NA,NA,NA,NA,NA,NA
"NA.304",NA,NA,NA,NA,NA,NA,NA
"NA.305",NA,NA,NA,NA,NA,NA,NA
"NEFL",54.8341628979758,-1.04605251581476,0.229393371516575,-4.5600817011366,5.11337225614981e-06,1.68097046120115e-05,"DOWN"
"NA.306",NA,NA,NA,NA,NA,NA,NA
"NA.307",NA,NA,NA,NA,NA,NA,NA
"NA.308",NA,NA,NA,NA,NA,NA,NA
"NA.309",NA,NA,NA,NA,NA,NA,NA
"NA.310",NA,NA,NA,NA,NA,NA,NA
"NA.311",NA,NA,NA,NA,NA,NA,NA
"NA.312",NA,NA,NA,NA,NA,NA,NA
"NA.313",NA,NA,NA,NA,NA,NA,NA
"NA.314",NA,NA,NA,NA,NA,NA,NA
"NA.315",NA,NA,NA,NA,NA,NA,NA
"NA.316",NA,NA,NA,NA,NA,NA,NA
"NA.317",NA,NA,NA,NA,NA,NA,NA
"NA.318",NA,NA,NA,NA,NA,NA,NA
"NA.319",NA,NA,NA,NA,NA,NA,NA
"NA.320",NA,NA,NA,NA,NA,NA,NA
"NA.321",NA,NA,NA,NA,NA,NA,NA
"NA.322",NA,NA,NA,NA,NA,NA,NA
"NA.323",NA,NA,NA,NA,NA,NA,NA
"NA.324",NA,NA,NA,NA,NA,NA,NA
"NA.325",NA,NA,NA,NA,NA,NA,NA
"NA.326",NA,NA,NA,NA,NA,NA,NA
"NA.327",NA,NA,NA,NA,NA,NA,NA
"NA.328",NA,NA,NA,NA,NA,NA,NA
"NA.329",NA,NA,NA,NA,NA,NA,NA
"NA.330",NA,NA,NA,NA,NA,NA,NA
"NA.331",NA,NA,NA,NA,NA,NA,NA
"NA.332",NA,NA,NA,NA,NA,NA,NA
"NA.333",NA,NA,NA,NA,NA,NA,NA
"NA.334",NA,NA,NA,NA,NA,NA,NA
"NA.335",NA,NA,NA,NA,NA,NA,NA
"BX276092.9",6.38619924686052,-2.65451492576833,0.330202456557509,-8.03905262681175,9.05356938880299e-16,1.25328921134346e-14,"DOWN"
"LMLN2",9.36695822144677,-1.47463253682478,0.242218272849933,-6.08803175530194,1.14307203162252e-09,6.76780588346129e-09,"DOWN"
"NA.336",NA,NA,NA,NA,NA,NA,NA
"TAF11L11",0.756908028209696,-2.1657204098753,0.593772742623181,-3.64738940407998,0.000264918279860654,0.000647301265233047,"DOWN"
"NA.337",NA,NA,NA,NA,NA,NA,NA
"NA.338",NA,NA,NA,NA,NA,NA,NA
"NA.339",NA,NA,NA,NA,NA,NA,NA
"NA.340",NA,NA,NA,NA,NA,NA,NA
"NA.341",NA,NA,NA,NA,NA,NA,NA
"NA.342",NA,NA,NA,NA,NA,NA,NA
"NA.343",NA,NA,NA,NA,NA,NA,NA
"NA.344",NA,NA,NA,NA,NA,NA,NA
"NA.345",NA,NA,NA,NA,NA,NA,NA
"NA.346",NA,NA,NA,NA,NA,NA,NA
"NA.347",NA,NA,NA,NA,NA,NA,NA
"NA.348",NA,NA,NA,NA,NA,NA,NA
"NA.349",NA,NA,NA,NA,NA,NA,NA
"NA.350",NA,NA,NA,NA,NA,NA,NA
"NA.351",NA,NA,NA,NA,NA,NA,NA
"NA.352",NA,NA,NA,NA,NA,NA,NA
"NA.353",NA,NA,NA,NA,NA,NA,NA
"NA.354",NA,NA,NA,NA,NA,NA,NA
"NA.355",NA,NA,NA,NA,NA,NA,NA
"NA.356",NA,NA,NA,NA,NA,NA,NA
"NA.357",NA,NA,NA,NA,NA,NA,NA
"NA.358",NA,NA,NA,NA,NA,NA,NA
"NA.359",NA,NA,NA,NA,NA,NA,NA
"NA.360",NA,NA,NA,NA,NA,NA,NA
"NA.361",NA,NA,NA,NA,NA,NA,NA
"NA.362",NA,NA,NA,NA,NA,NA,NA
"NA.363",NA,NA,NA,NA,NA,NA,NA
"NA.364",NA,NA,NA,NA,NA,NA,NA
"NA.365",NA,NA,NA,NA,NA,NA,NA
"NA.366",NA,NA,NA,NA,NA,NA,NA
"NA.367",NA,NA,NA,NA,NA,NA,NA
"NA.368",NA,NA,NA,NA,NA,NA,NA
"NA.369",NA,NA,NA,NA,NA,NA,NA
"NA.370",NA,NA,NA,NA,NA,NA,NA
"NA.371",NA,NA,NA,NA,NA,NA,NA
"NA.372",NA,NA,NA,NA,NA,NA,NA
"NA.373",NA,NA,NA,NA,NA,NA,NA
"NA.374",NA,NA,NA,NA,NA,NA,NA
"NA.375",NA,NA,NA,NA,NA,NA,NA
"NA.376",NA,NA,NA,NA,NA,NA,NA
"NA.377",NA,NA,NA,NA,NA,NA,NA
"NA.378",NA,NA,NA,NA,NA,NA,NA
"NA.379",NA,NA,NA,NA,NA,NA,NA
"NA.380",NA,NA,NA,NA,NA,NA,NA
"NA.381",NA,NA,NA,NA,NA,NA,NA
"NA.382",NA,NA,NA,NA,NA,NA,NA
"NA.383",NA,NA,NA,NA,NA,NA,NA
"NA.384",NA,NA,NA,NA,NA,NA,NA
"NA.385",NA,NA,NA,NA,NA,NA,NA
"NA.386",NA,NA,NA,NA,NA,NA,NA
"NA.387",NA,NA,NA,NA,NA,NA,NA
"NA.388",NA,NA,NA,NA,NA,NA,NA
"NA.389",NA,NA,NA,NA,NA,NA,NA
"NA.390",NA,NA,NA,NA,NA,NA,NA
"NA.391",NA,NA,NA,NA,NA,NA,NA
"NA.392",NA,NA,NA,NA,NA,NA,NA
"NA.393",NA,NA,NA,NA,NA,NA,NA
"NA.394",NA,NA,NA,NA,NA,NA,NA
"NA.395",NA,NA,NA,NA,NA,NA,NA
"NA.396",NA,NA,NA,NA,NA,NA,NA
"NA.397",NA,NA,NA,NA,NA,NA,NA
"NA.398",NA,NA,NA,NA,NA,NA,NA
"NA.399",NA,NA,NA,NA,NA,NA,NA
"NA.400",NA,NA,NA,NA,NA,NA,NA
"NA.401",NA,NA,NA,NA,NA,NA,NA
"NA.402",NA,NA,NA,NA,NA,NA,NA
"NA.403",NA,NA,NA,NA,NA,NA,NA
"NA.404",NA,NA,NA,NA,NA,NA,NA
"NA.405",NA,NA,NA,NA,NA,NA,NA
"NA.406",NA,NA,NA,NA,NA,NA,NA
"NA.407",NA,NA,NA,NA,NA,NA,NA
"NA.408",NA,NA,NA,NA,NA,NA,NA
"NA.409",NA,NA,NA,NA,NA,NA,NA
"NA.410",NA,NA,NA,NA,NA,NA,NA
"NA.411",NA,NA,NA,NA,NA,NA,NA
"NA.412",NA,NA,NA,NA,NA,NA,NA
"NA.413",NA,NA,NA,NA,NA,NA,NA
"NA.414",NA,NA,NA,NA,NA,NA,NA
"NA.415",NA,NA,NA,NA,NA,NA,NA
"NA.416",NA,NA,NA,NA,NA,NA,NA
"NA.417",NA,NA,NA,NA,NA,NA,NA
"NA.418",NA,NA,NA,NA,NA,NA,NA
"NA.419",NA,NA,NA,NA,NA,NA,NA
"NA.420",NA,NA,NA,NA,NA,NA,NA
"NA.421",NA,NA,NA,NA,NA,NA,NA
"NA.422",NA,NA,NA,NA,NA,NA,NA
"NA.423",NA,NA,NA,NA,NA,NA,NA
"NA.424",NA,NA,NA,NA,NA,NA,NA
"NA.425",NA,NA,NA,NA,NA,NA,NA
"NA.426",NA,NA,NA,NA,NA,NA,NA
"NA.427",NA,NA,NA,NA,NA,NA,NA
"NA.428",NA,NA,NA,NA,NA,NA,NA
"NA.429",NA,NA,NA,NA,NA,NA,NA
"NA.430",NA,NA,NA,NA,NA,NA,NA
"NA.431",NA,NA,NA,NA,NA,NA,NA
"NA.432",NA,NA,NA,NA,NA,NA,NA
"NA.433",NA,NA,NA,NA,NA,NA,NA
"NA.434",NA,NA,NA,NA,NA,NA,NA
"NA.435",NA,NA,NA,NA,NA,NA,NA
"NA.436",NA,NA,NA,NA,NA,NA,NA
"NA.437",NA,NA,NA,NA,NA,NA,NA
"NA.438",NA,NA,NA,NA,NA,NA,NA
"NA.439",NA,NA,NA,NA,NA,NA,NA
"NA.440",NA,NA,NA,NA,NA,NA,NA
"NA.441",NA,NA,NA,NA,NA,NA,NA
"NA.442",NA,NA,NA,NA,NA,NA,NA
